country,date,gini,gni_pc,gdp_growth,credit_private,bank_branches,population
Afghanistan,2022,,370.0,-7.57666891152213,,,40578842.0
Afghanistan,2021,,380.0,-22.5844818732987,,,40000412.0
Afghanistan,2020,,490.0,-5.38251464221077,3.09659808966059,,39068979.0
Afghanistan,2019,,520.0,0.856294729087764,3.22995723026215,1.87346704130524,37856121.0
Afghanistan,2018,,520.0,-1.71374269254262,3.51231703339133,1.9617597713127,36743039.0
Afghanistan,2017,,530.0,-0.195569548342789,3.84188120492596,2.03512020638076,35688935.0
Afghanistan,2016,,560.0,-0.300121027406746,3.88832174612488,2.10972454198945,34700612.0
Afghanistan,2015,,590.0,-1.66505744749013,3.98149379462535,2.16133045598748,33831764.0
Afghanistan,2014,,640.0,-0.939984755736006,3.94105709996345,2.30427804102409,32792523.0
Afghanistan,2013,,670.0,2.0520682606117,4.3216854169302,2.25423062732984,31622704.0
Afghanistan,2012,,640.0,8.27936899310519,4.47210362973721,2.13494295092785,30560034.0
Afghanistan,2011,,550.0,-3.21329500579925,4.95918037606027,2.21574260359406,29347708.0
Afghanistan,2010,,530.0,11.0550305527288,11.5750442390122,2.3868600248088,28284089.0
Afghanistan,2009,,460.0,17.0438963216074,10.58413068423,2.22536858943277,27466101.0
Afghanistan,2008,,370.0,1.6772791560615,9.38832772083979,1.47708274763867,26482622.0
Afghanistan,2007,,330.0,11.6923032922081,6.83998223656721,1.23772306757285,25909852.0
Afghanistan,2006,,270.0,1.13248505528998,4.84285686566253,0.923777315258721,25424094.0
Afghanistan,2005,,250.0,7.38337728197978,,0.583123944489591,24404567.0
Albania,2022,,7720.0,6.45698822084806,33.7912381516025,17.2163150559895,2451636.0
Albania,2021,,6940.0,10.6641494274411,36.4341686860283,16.3984709487917,2489762.0
Albania,2020,29.4,5970.0,-1.81016536329729,37.719333429721,18.435613724534,2528480.0
Albania,2019,30.1,5900.0,3.64975808463876,33.725595513728,18.5601061250875,2567801.0
Albania,2018,30.1,5400.0,5.28357949627288,32.507358683887,19.3965526309257,2607733.0
Albania,2017,33.1,4700.0,4.88935288088643,34.1324652358472,20.5713264374425,2648285.0
Albania,2016,33.7,4670.0,5.52482598081943,36.2098635348358,21.5282976572644,2689469.0
Albania,2015,32.8,4660.0,3.81743447071763,36.8808802178051,21.8887533803489,2731293.0
Albania,2014,34.6,4750.0,3.83017022939833,39.0603696115193,21.9019667966183,2773767.0
Albania,2013,,4690.0,3.28889031489732,39.7219957616212,23.2657020009358,2816902.0
Albania,2012,29.0,4430.0,2.5545386692104,41.048928970868,23.7620059250605,2860708.0
Albania,2011,,4460.0,2.73953255678821,40.8904191085198,23.737745388943,2905195.0
Albania,2010,,4430.0,3.48564808644622,38.5667222073844,23.6759702369161,2913021.0
Albania,2009,,4390.0,3.38511539501225,37.3109373018231,23.587429647215,2927519.0
Albania,2008,30.0,4160.0,7.73056161381389,,23.1251919785862,2947314.0
Albania,2007,,3580.0,7.30798262922809,,18.3334133951146,2970017.0
Albania,2006,,3130.0,6.68998139667232,,13.6394292873088,2992547.0
Albania,2005,30.6,2690.0,5.67025027957055,,11.539678225652,3011487.0
Algeria,2022,,4430.0,1.96825188100587,18.2397846012833,5.28843669990119,45477389.0
Algeria,2021,,4120.0,2.13263632683078,22.659990400839,5.3054562533933,44761099.0
Algeria,2020,,4020.0,-6.61247509707083,26.1172134194461,5.30280440038523,44042091.0
Algeria,2019,,4480.0,-0.939992962004737,22.9128695368994,5.34825347865494,43294546.0
Algeria,2018,,4450.0,-0.546019580108478,22.387148870126,5.33804138102991,42505035.0
Algeria,2017,,4440.0,-0.541667024495979,21.8603855833638,5.27080483873053,41689299.0
Algeria,2016,,4920.0,1.78594064734014,20.2524548230485,5.30470432421229,40850721.0
Algeria,2015,,5390.0,1.09962061859601,19.2203451351034,5.30377070670091,40019529.0
Algeria,2014,,6030.0,2.00005200987388,16.4216636360138,5.25533657757962,39205031.0
Algeria,2013,,5970.0,0.548743629610698,15.0652748989807,5.25270280680043,38414171.0
Algeria,2012,,5630.0,0.379563284418055,12.9086438651722,5.2547268834319,37646166.0
Algeria,2011,27.6,5050.0,1.00399237129356,12.5651064123385,5.2111475294774,36903376.0
Algeria,2010,,4870.0,2.77921908194712,13.7901331989861,5.09429058249343,36188236.0
Algeria,2009,,4570.0,-0.72042057547074,14.8475768615458,5.20632006421913,35490445.0
Algeria,2008,,4430.0,0.652527943948144,12.1301917581652,5.27925008192458,34816961.0
Algeria,2007,,3780.0,1.39346833661227,12.3058156265958,5.1041603043882,34189416.0
Algeria,2006,,3310.0,1.32618894855368,11.5208153731445,4.98705273104209,33623506.0
Algeria,2005,,2910.0,3.86890214242119,11.5002886298427,4.75305215379694,33109249.0
American Samoa,2022,,,3.59327606262792,,,48342.0
American Samoa,2021,,,0.297884820349225,,,49225.0
American Samoa,2020,,,5.3517874262504,,,49761.0
American Samoa,2019,,,0.897584681397618,,,50209.0
American Samoa,2018,,,4.03850712136055,,,50908.0
American Samoa,2017,,,-5.79936404816848,,,51586.0
American Samoa,2016,,,-0.488137584297121,,,52245.0
American Samoa,2015,,,4.29662336687659,,,52878.0
American Samoa,2014,,,2.79061243809868,,,53466.0
American Samoa,2013,,,-1.62801355404956,,,54006.0
American Samoa,2012,,,-3.62202258510453,,,54489.0
American Samoa,2011,,,0.606612624100549,,,54895.0
American Samoa,2010,,,0.84468159199173,,,55228.0
American Samoa,2009,,,-3.6489098592902,,,55528.0
American Samoa,2008,,,-2.16041177422564,,,55828.0
American Samoa,2007,,,2.32559828018989,,,56113.0
American Samoa,2006,,,-3.68497685539259,,,56374.0
American Samoa,2005,,,-0.0545952701160815,,,56617.0
Andorra,2022,,47600.0,7.72123800096536,,,79705.0
Andorra,2021,,44720.0,6.92704485233561,,,78364.0
Andorra,2020,,42450.0,-12.2238384935431,,,77380.0
Andorra,2019,,46450.0,0.265352820614368,,,76474.0
Andorra,2018,,,-0.30211930399588,,,75162.0
Andorra,2017,,,-1.80605703312767,,,73763.0
Andorra,2016,,,3.69962046811506,,,72181.0
Andorra,2015,,,3.63079793724701,,,72174.0
Andorra,2014,,,4.52989381717444,,,73737.0
Andorra,2013,,,-1.44394540350855,,,75194.0
Andorra,2012,,,-3.80075429834201,,,76834.0
Andorra,2011,,,3.7495175357235,,,77783.0
Andorra,2010,,,1.88988084312282,,,80706.0
Andorra,2009,,,-5.74648545856505,,,83888.0
Andorra,2008,,,-7.38929878788132,,,83495.0
Andorra,2007,,,-1.2896115123411,,,81877.0
Andorra,2006,,,1.95883002800001,,,79585.0
Andorra,2005,,,1.18302768739022,,,77421.0
Angola,2022,,2340.0,0.991406795873331,6.86560736253038,7.5835940491885,35635029.0
Angola,2021,,1990.0,-1.0943408561201,8.70249637691384,8.0358321987126,34532429.0
Angola,2020,,2020.0,-7.1276148271679,11.3107531927913,8.54337389430446,33451132.0
Angola,2019,,2440.0,-3.52900012504749,13.4718248959992,9.08432907925454,32375632.0
Angola,2018,51.3,2270.0,-3.96852454312942,13.256401276638,9.65959073752708,31297155.0
Angola,2017,,2400.0,-3.62286501702881,14.84745928119,9.8775476399847,30234839.0
Angola,2016,,2910.0,-5.15402904669538,18.5908277620868,9.93326765075945,29183070.0
Angola,2015,,4450.0,-2.80470818378251,22.2749280175045,10.0874355844483,28157798.0
Angola,2014,,5430.0,0.821220988941135,,10.0181604645599,27160769.0
Angola,2013,,5330.0,0.921826358320473,,10.0542336361355,26165620.0
Angola,2012,,4750.0,4.37008778613288,,8.76673931303011,25177394.0
Angola,2011,,3960.0,-0.356512141669299,,8.14484884277425,24218352.0
Angola,2010,,3780.0,1.31579076620976,,7.23398118880896,23294825.0
Angola,2009,,3680.0,-1.80906009330889,,5.09294209930746,22414773.0
Angola,2008,42.7,3450.0,6.67888592419779,,4.54505024064554,21578655.0
Angola,2007,,2800.0,8.85163544291412,,3.78177717610202,20778561.0
Angola,2006,,2090.0,7.79557532887203,,3.30273711822738,20015279.0
Angola,2005,,1590.0,10.0673593264113,,2.19317692215817,19291161.0
Antigua and Barbuda,2022,,18820.0,8.53077119658229,38.1699416436992,19.6404488497244,92840.0
Antigua and Barbuda,2021,,16660.0,7.58367481372255,45.4347464248891,19.8218674842086,92349.0
Antigua and Barbuda,2020,,15460.0,-19.2945462845167,53.7704057805227,21.3387391472506,91846.0
Antigua and Barbuda,2019,,18250.0,2.67761319425004,41.9491312714393,24.2398125454496,91364.0
Antigua and Barbuda,2018,,17460.0,6.17448976886325,41.6541874622447,24.487130652446,90926.0
Antigua and Barbuda,2017,,15860.0,2.1461875762954,44.2266252584994,26.1272534756123,90468.0
Antigua and Barbuda,2016,,15080.0,3.47228425039911,47.0134239034493,26.4344148255329,89969.0
Antigua and Barbuda,2015,,14550.0,0.691094824520249,48.6317411322758,29.6141696750902,89409.0
Antigua and Barbuda,2014,,14830.0,1.39120573166151,56.0332947393022,31.4690316120727,88765.0
Antigua and Barbuda,2013,,14500.0,-1.50846791062001,61.2782354058857,34.8239937316811,88064.0
Antigua and Barbuda,2012,,14530.0,2.27378133147778,61.878190497643,35.3914441183844,87260.0
Antigua and Barbuda,2011,,14100.0,-3.10800074739414,67.7158524340669,36.0387416472708,86332.0
Antigua and Barbuda,2010,,14390.0,-9.0794536101368,69.9672803619414,38.2742888637129,85320.0
Antigua and Barbuda,2009,,15750.0,-13.2817680568047,65.7920450902874,39.0441980321724,84173.0
Antigua and Barbuda,2008,,17750.0,-1.47076894898352,58.6556354220414,,82912.0
Antigua and Barbuda,2007,,17310.0,7.84344693304287,56.8669025605526,,81704.0
Antigua and Barbuda,2006,,15740.0,11.3196408319242,56.9746755608082,,80604.0
Antigua and Barbuda,2005,,14050.0,5.28070690333209,53.9303290896611,,79611.0
Argentina,2022,40.7,11890.0,5.79747980169367,12.8891009335255,12.8175718566149,45407904.0
Argentina,2021,42.4,10070.0,10.1485599877349,13.2644289814534,12.9452813637679,45312281.0
Argentina,2020,42.7,9040.0,-10.3361096878518,15.746489768328,13.0765159485143,45191965.0
Argentina,2019,43.3,11210.0,-2.69506723533574,14.4776292447323,13.3262770866822,44973465.0
Argentina,2018,41.7,12390.0,-3.41553683867816,,13.3768634812813,44654882.0
Argentina,2017,41.4,13070.0,1.91639608148853,15.9584973420583,13.4435152954376,44288894.0
Argentina,2016,42.3,12130.0,-3.02450095578762,13.6676334273514,13.3617382048899,43900313.0
Argentina,2015,,12500.0,1.66091253843923,14.4142330417064,13.1738747248602,43477012.0
Argentina,2014,41.8,12240.0,-3.51326421042003,13.8237692455151,13.1425168032007,43024071.0
Argentina,2013,41.1,12760.0,1.39351266056681,15.7290920133564,13.1655786515273,42582455.0
Argentina,2012,41.4,11770.0,-2.0383253093713,15.2128150156924,13.1486122621977,42161721.0
Argentina,2011,42.7,10590.0,4.88127252804149,14.0087151168124,13.0730805676115,41730660.0
Argentina,2010,43.7,9160.0,8.96819672899282,12.6901062454749,12.9737829355223,41288694.0
Argentina,2009,43.8,7720.0,-6.9103121153056,12.4162075416805,12.8596088277483,40854831.0
Argentina,2008,45.0,7600.0,3.00856892610517,12.313946714342,12.9998042125218,40424148.0
Argentina,2007,46.3,6460.0,7.93261011269163,13.0985413493544,13.0662423365824,40016763.0
Argentina,2006,46.4,5440.0,6.94185160089025,11.9102616607561,13.1189336598859,39622115.0
Argentina,2005,47.8,4230.0,7.73898107569444,10.6534929189359,13.1251956816283,39216789.0
Armenia,2022,27.9,5690.0,12.3383335576379,52.5538426755394,26.0052616558975,2969200.0
Armenia,2021,27.9,4580.0,5.77142760758333,61.6738125458808,25.6642770373159,2962300.0
Armenia,2020,25.1,4230.0,-7.16866452731679,72.1929140858517,25.7734957182885,2961500.0
Armenia,2019,30.0,4650.0,7.83608438672164,60.1552379151791,25.2680841409408,2962500.0
Armenia,2018,34.4,4220.0,5.56850117850011,55.5020027333594,24.435994706271,2969000.0
Armenia,2017,33.6,3900.0,7.96544606461424,51.5425858055791,23.7765391360957,2979400.0
Armenia,2016,32.5,3690.0,0.611877151180408,48.8756443742771,23.555649023442,2992300.0
Armenia,2015,32.4,3910.0,3.51599547257022,45.630782609944,23.6420515595542,3004600.0
Armenia,2014,31.5,4000.0,3.88187670110254,48.9171731063839,22.7498567402889,3013800.0
Armenia,2013,30.6,3940.0,3.37178358702843,42.3802404869208,21.5821968202514,3022000.0
Armenia,2012,29.6,3700.0,7.33470454115984,40.0600551046665,20.9512281703259,3024100.0
Armenia,2011,29.4,3360.0,5.28437530828725,35.367887872035,19.5432122371744,3027900.0
Armenia,2010,30.0,3280.0,2.91158696816194,28.4451645997959,18.0740236349383,3044800.0
Armenia,2009,28.0,3140.0,-13.5088421403002,24.8549219693588,17.3033431064403,3066000.0
Armenia,2008,29.2,3390.0,7.60294775074826,,16.8617694732517,3087100.0
Armenia,2007,31.2,2600.0,14.4208244850475,,15.4642934075172,3107400.0
Armenia,2006,29.7,1910.0,13.8986537041733,,13.4657975055452,3127100.0
Armenia,2005,36.0,1460.0,14.5697018806234,,12.1841017778635,3146400.0
Aruba,2022,,30160.0,11.0385203097525,60.5316284506998,10.0944390856681,107310.0
Aruba,2021,,26550.0,15.6755189518506,68.6460015848153,12.4098872956599,107700.0
Aruba,2020,,22790.0,-23.4662729790643,82.0939664354264,11.3518974696621,108587.0
Aruba,2019,,29320.0,0.951663645650427,59.6493537497553,14.8520507254655,109203.0
Aruba,2018,,27970.0,3.0485184481057,55.9651018283957,17.2781201405287,108908.0
Aruba,2017,,26460.0,3.48581549286742,57.246534425591,18.5815322796056,108735.0
Aruba,2016,,25560.0,0.469912651203259,57.2219316866237,19.9070224949354,108727.0
Aruba,2015,,25430.0,2.55621874043514,56.6268817632089,18.8997956459596,107906.0
Aruba,2014,,25260.0,0.35112842842166,60.2405386637617,19.0785080606697,106807.0
Aruba,2013,,24830.0,4.85525795729174,59.1636851428981,19.2831489382216,105675.0
Aruba,2012,,23970.0,-2.4846479774957,58.6859032351161,21.9624685814686,104110.0
Aruba,2011,,23100.0,2.61052505937265,56.2504341594081,21.0390831910101,102591.0
Aruba,2010,,23050.0,-2.95695264975568,58.8006572951036,,101838.0
Aruba,2009,,24340.0,-12.2749362798142,55.8930411328093,,101604.0
Aruba,2008,,26780.0,1.06177235220186,50.6584576108456,,100917.0
Aruba,2007,,22600.0,2.32267757939195,51.7272559982541,,100150.0
Aruba,2006,,23920.0,-0.673257700327071,53.8841202639004,,99405.0
Aruba,2005,,19720.0,-2.93082349408309,54.0607007192211,,97635.0
Australia,2022,,60790.0,2.91752727950202,133.643883130746,19.304702769358,26018721.0
Australia,2021,,57220.0,1.86332687000336,138.339567139855,21.0768340029286,25685412.0
Australia,2020,33.8,53770.0,-1.35774770320791,141.704749324425,23.299185763336,25649248.0
Australia,2019,,55090.0,0.695209563773375,135.666714386567,24.6181648371549,25334826.0
Australia,2018,34.3,53280.0,1.3466306507712,139.498062822532,27.4868903365307,24963258.0
Australia,2017,,51700.0,0.62251098729871,140.108067004121,28.9525824546048,24592588.0
Australia,2016,33.7,54330.0,1.16312811538609,142.104255731186,27.7197034954959,24190907.0
Australia,2015,,60780.0,0.704511799724457,135.800292705604,28.75539267161,23815995.0
Australia,2014,34.4,65500.0,1.08218148890933,127.883848731619,29.1708864991958,23475686.0
Australia,2013,,66360.0,0.902732553895234,124.183275636084,30.1370802507623,23128129.0
Australia,2012,,60500.0,2.15339832775771,120.774756172135,30.919155741003,22733465.0
Australia,2011,,50570.0,0.981771621515961,121.790806241677,30.389137294874,22340024.0
Australia,2010,34.7,46900.0,0.632264496011231,124.791339290254,30.7626708727301,22031750.0
Australia,2009,,44230.0,-0.124768741461196,122.113074120131,31.2268062540078,21691653.0
Australia,2008,35.4,42510.0,1.56811983624921,121.444819283971,31.5831435584499,21249199.0
Australia,2007,,37470.0,1.91249613831002,120.28724964726,31.68642772625,20827622.0
Australia,2006,,34670.0,1.39339848998918,113.405916759874,31.6179500939844,20450966.0
Australia,2005,,30790.0,1.90739095765275,108.259010705054,30.9556526306376,20176844.0
Austria,2022,30.9,56310.0,4.32849751156559,89.1835529946886,11.4572764361799,9041851.0
Austria,2021,30.7,53440.0,4.4669658436443,93.0624546800894,12.3378521260167,8955797.0
Austria,2020,29.8,49000.0,-6.70639361073974,93.0516337886918,7.41560912350514,8916864.0
Austria,2019,30.2,50900.0,1.30350317565873,86.3027943646251,11.8831612841078,8879920.0
Austria,2018,30.8,48710.0,1.98626296400239,84.8629638770058,11.9635883891061,8840521.0
Austria,2017,29.7,44800.0,1.56430689663536,84.7370865911526,12.0863817689549,8797566.0
Austria,2016,30.8,45980.0,1.01887723192984,83.5897539711459,12.684956083185,8736668.0
Austria,2015,30.5,47190.0,0.174259722821304,86.4399964991008,13.826270481007,8642699.0
Austria,2014,30.5,49960.0,-0.0285805465757676,88.3599171258328,14.8555664818004,8546356.0
Austria,2013,30.8,50260.0,-0.836906795346636,93.3411391388064,15.5633363055174,8479823.0
Austria,2012,30.5,49760.0,0.170488694211613,94.8379795773965,15.9957315119934,8429991.0
Austria,2011,30.8,50380.0,2.5811033185299,96.672569255418,15.1487756368594,8391643.0
Austria,2010,30.3,49460.0,1.56453337880819,99.1468795000545,11.3005818606429,8363404.0
Austria,2009,31.5,48900.0,-3.83849307623562,98.3438510262014,11.7769864708518,8343323.0
Austria,2008,30.4,48890.0,1.13621131218787,96.4418920331131,12.5775372558139,8321496.0
Austria,2007,30.6,44230.0,3.43938549159965,93.5025894904191,12.8832278777643,8295487.0
Austria,2006,29.6,41170.0,2.75962370061296,95.1090616207875,13.0948895614059,8268641.0
Austria,2005,28.7,38510.0,1.62565909591297,94.9670359723065,13.328738946445,8227829.0
Azerbaijan,2022,,5670.0,4.673317967871,18.2984687873762,6.59755895473018,10141756.0
Azerbaijan,2021,,4910.0,5.15148935903709,22.9250440750459,6.54798349337642,10137750.0
Azerbaijan,2020,,4480.0,-4.85235140794201,26.0320151044626,6.28910012652728,10093121.0
Azerbaijan,2019,,4510.0,1.61582943287135,23.0018690122863,7.11364369144524,10024283.0
Azerbaijan,2018,,4080.0,0.62488437469257,20.766485823452,7.17345862974407,9939771.0
Azerbaijan,2017,,4110.0,-0.824348468311783,22.099603808676,7.25673968014877,9854033.0
Azerbaijan,2016,,4790.0,-4.14117487259738,32.8688540294339,8.16596390915698,9757812.0
Azerbaijan,2015,,6610.0,-0.147024760133903,,10.8721940005232,9649341.0
Azerbaijan,2014,,7740.0,1.52243135535144,,11.0288628246094,9535079.0
Azerbaijan,2013,,7450.0,4.48320316777964,,10.3838923608233,9416801.0
Azerbaijan,2012,,6440.0,0.85388594737168,,9.86212940894054,9295784.0
Azerbaijan,2011,,5490.0,-2.84718268648209,,10.1588428076466,9173082.0
Azerbaijan,2010,,5400.0,3.54945543779385,,10.000256900649,9054332.0
Azerbaijan,2009,,4820.0,7.12223856098808,,9.90199967346977,8947243.0
Azerbaijan,2008,,3900.0,8.29339095519384,,9.2663289570966,8763400.0
Azerbaijan,2007,,2740.0,24.0486787589595,,8.24829383808956,8581300.0
Azerbaijan,2006,,1920.0,32.9970665765516,,7.34790509483786,8484550.0
Azerbaijan,2005,26.6,1290.0,26.6600947700296,,6.75908065507457,8391850.0
"Bahamas, The",2022,,33790.0,10.5529690990486,,23.506012114637,397538.0
"Bahamas, The",2021,,29910.0,17.434844816468,,23.4853475831442,396373.0
"Bahamas, The",2020,,25180.0,-20.3291813559269,,23.4206471494607,395863.0
"Bahamas, The",2019,,31630.0,-1.33052999956263,,23.080641891365,394675.0
"Bahamas, The",2018,,30650.0,1.8159781736959,,26.5807643868387,392717.0
"Bahamas, The",2017,,29570.0,2.728115494957,,26.3482597295769,390485.0
"Bahamas, The",2016,,27820.0,-1.84653148444181,51.9421929315119,30.0355202674467,388055.0
"Bahamas, The",2015,,27620.0,0.198544914739557,54.083598026627,30.2025562647072,385346.0
"Bahamas, The",2014,,27220.0,0.955837779605616,58.0675278972269,34.0947834981248,382298.0
"Bahamas, The",2013,,26870.0,-3.756252482479,62.191058967285,34.6938354893892,378953.0
"Bahamas, The",2012,,27910.0,3.47892776270808,61.8419088839969,35.6713202585122,375469.0
"Bahamas, The",2011,,26990.0,-0.537416355238307,66.0139318501159,35.9990447778217,371729.0
"Bahamas, The",2010,,27320.0,0.248837037553542,65.148141397973,36.7628324124426,367478.0
"Bahamas, The",2009,,27920.0,-5.41414044702256,66.0792068892282,37.1215917738553,362810.0
"Bahamas, The",2008,,29660.0,-3.62901783567871,62.1014630438913,38.9149161251322,358120.0
"Bahamas, The",2007,,29690.0,0.0223161568588637,58.5628262044726,39.6443554905508,353334.0
"Bahamas, The",2006,,29230.0,1.197964733166,56.6101944970371,,348375.0
"Bahamas, The",2005,,28880.0,2.1597593545269,50.3639616925235,,343894.0
Bahrain,2022,,28300.0,4.76451212539493,,16.8505188768363,1524693.0
Bahrain,2021,,25240.0,2.11919822497499,,15.8785607672521,1504365.0
Bahrain,2020,,23870.0,-5.17307400932464,,16.8144583961045,1472204.0
Bahrain,2019,,25800.0,3.38274086937953,,16.9132484321754,1483756.0
Bahrain,2018,,24200.0,1.91849572888873,,17.0455595057963,1503091.0
Bahrain,2017,,22360.0,-0.457057166110175,,17.6738168409168,1501116.0
Bahrain,2016,,22720.0,-0.0791098754103388,,18.4885766373724,1423726.0
Bahrain,2015,,23640.0,-1.66329278716239,70.5500803025,18.7151280926058,1370322.0
Bahrain,2014,,25480.0,-0.560855463138182,61.3347998045045,18.6467793187136,1314562.0
Bahrain,2013,,25970.0,1.5766868455926,66.9876399343585,17.3163600021769,1253191.0
Bahrain,2012,,24670.0,2.60578123430011,66.5172271480683,17.6863223388474,1208964.0
Bahrain,2011,,20040.0,4.78747209697194,66.9065925077703,18.0691550177732,1195020.0
Bahrain,2010,,19510.0,0.0771669589062469,64.9376677365426,18.0226650549847,1228543.0
Bahrain,2009,,18940.0,-3.97919772562874,71.4372673126356,15.5070926233295,1178415.0
Bahrain,2008,,21070.0,0.0637144631576234,64.2133791234367,15.612408191004,1103496.0
Bahrain,2007,,19600.0,0.0756469326690166,53.1180542636418,15.6068268719831,1039295.0
Bahrain,2006,,17850.0,-1.47038032480991,44.8777557241595,16.6723361573223,960424.0
Bahrain,2005,,16550.0,-1.04880316974081,43.6843509050045,,888822.0
Bangladesh,2022,30.9,2850.0,6.00847462887278,38.9555684288032,8.83763676795251,169384897.0
Bangladesh,2021,,2600.0,6.07069417020969,39.0820163295701,8.83053292077507,167658854.0
Bangladesh,2020,,2320.0,2.58647816564581,39.161059242521,8.7773021029017,166298024.0
Bangladesh,2019,,2220.0,6.97264399779152,39.0344709350066,8.8628343816392,164913055.0
Bangladesh,2018,,2020.0,6.44197494702485,40.0247365906979,8.87365429391096,163523103.0
Bangladesh,2017,,1640.0,5.68710307010265,40.4489561448676,8.78188429969914,162186147.0
Bangladesh,2016,32.4,1400.0,6.16181560014782,37.7986426672318,8.7056952349212,160811932.0
Bangladesh,2015,,1200.0,5.60449539732434,44.4069718062837,8.63626370214857,159383179.0
Bangladesh,2014,,1080.0,5.09905460197942,43.7361238704853,8.50230517091057,157964929.0
Bangladesh,2013,,1010.0,5.02341839695075,41.7947548053392,8.32533134344639,156532141.0
Bangladesh,2012,,950.0,5.50548020192592,43.0006693750914,8.17360952201364,155070101.0
Bangladesh,2011,,870.0,5.501503282369,42.4702411629772,7.98331431812774,153591076.0
Bangladesh,2010,32.1,780.0,4.65046297355514,40.9613226292342,7.77703342288353,152201981.0
Bangladesh,2009,,700.0,4.07076421640669,36.1910375652522,7.51723965310516,150873714.0
Bangladesh,2008,,640.0,4.96057170242533,34.0421917464818,7.2681348382702,149474264.0
Bangladesh,2007,,580.0,5.91320275589507,32.0428330535648,7.18122966691793,147989278.0
Bangladesh,2006,,550.0,5.44042881455881,31.1657016961389,7.11798984694578,146405973.0
Bangladesh,2005,33.2,530.0,5.20131368672413,29.3438304968623,7.06691162664906,144715786.0
Barbados,2022,,24300.0,17.1554586161249,61.0737155039852,12.8222662928264,282318.0
Barbados,2021,,19880.0,-0.255760855683505,68.5058128222344,14.1667382158496,282147.0
Barbados,2020,,18740.0,-14.5139743585979,75.8841847266212,15.0908902762926,281698.0
Barbados,2019,,20520.0,0.050927970591033,67.3743205679477,16.0274459181994,281207.0
Barbados,2018,,19910.0,-1.46593817049695,68.5529277484488,17.4118200140165,280711.0
Barbados,2017,,19370.0,0.50241999615892,72.1398108078642,17.5030192708242,280171.0
Barbados,2016,34.1,19200.0,1.27579693620899,69.9902145429115,16.7247632125629,279598.0
Barbados,2015,,19150.0,-1.39790250487843,68.6678574028507,16.3866178906437,278990.0
Barbados,2014,,19730.0,0.505392415183394,68.5146222791106,21.3906603029452,278348.0
Barbados,2013,,19560.0,-2.02836384026963,68.774259678509,19.72413112961,277665.0
Barbados,2012,,19740.0,-3.69257089899511,68.4686508687501,21.1878733235659,276938.0
Barbados,2011,,17890.0,-0.633787547060066,,20.3951214869403,276139.0
Barbados,2010,,17180.0,-2.61559986287286,,19.1320429833232,275243.0
Barbados,2009,,16150.0,-5.50548928278727,82.7716199646164,19.2202086765514,274123.0
Barbados,2008,,16600.0,0.107256161300668,75.5321427392734,19.7692060135166,272714.0
Barbados,2007,,15950.0,1.59529283000614,71.2823043246832,19.8811753011073,271288.0
Barbados,2006,,14630.0,5.56141136626469,73.6824583951755,19.5480673012031,270002.0
Barbados,2005,,13610.0,3.41073813264497,72.7644717895012,,268706.0
Belarus,2022,,7210.0,-3.88854008026519,,,9228071.0
Belarus,2021,,7040.0,3.29081749370279,29.1729868961267,,9302585.0
Belarus,2020,24.4,6410.0,-0.251224685296094,32.5082968438587,,9379952.0
Belarus,2019,25.3,6370.0,1.6513675093432,28.7688813037131,,9419758.0
Belarus,2018,25.2,5730.0,3.36999150781449,27.6140940559861,,9438785.0
Belarus,2017,25.4,5320.0,2.64480751685403,26.2361143981647,0.7840065,9458989.0
Belarus,2016,25.3,5640.0,-2.61191381567238,25.7170291419604,0.8566219,9469379.0
Belarus,2015,25.6,6740.0,-3.9572512636508,27.8828200949374,0.8921416,9461076.0
Belarus,2014,27.2,7620.0,1.59406202466224,23.6326621102425,1.203652,9448515.0
Belarus,2013,26.6,7030.0,1.03749004802856,22.926202521737,1.562742,9443211.0
Belarus,2012,26.5,6630.0,1.86726973670382,21.7775564368289,1.707225,9446836.0
Belarus,2011,27.2,6350.0,5.7975501732946,37.9586183664502,2.098577,9461643.0
Belarus,2010,28.6,6150.0,7.98573283435519,42.8113733077251,3.192415,9483836.0
Belarus,2009,27.7,5660.0,0.446705717445226,35.9356304010168,3.667875,9504583.0
Belarus,2008,27.8,5470.0,10.581305038428,28.6341928703729,4.390215,9527985.0
Belarus,2007,29.6,4310.0,9.09946004068696,24.8038771042749,4.875529,9560953.0
Belarus,2006,28.3,3510.0,10.6755867171242,,5.567515,9604924.0
Belarus,2005,27.6,2820.0,10.1497671646981,,5.799036,9663915.0
Belgium,2022,26.4,54330.0,3.11948540770641,72.6022435766675,21.1406368047824,11680210.0
Belgium,2021,26.6,51140.0,5.8180102265206,74.7536988644538,22.7916024962192,11586195.0
Belgium,2020,26.0,46330.0,-5.20244011003201,76.125350915761,26.1642982525853,11538604.0
Belgium,2019,27.2,48070.0,1.89071932044187,69.360003620854,29.5697703128302,11488980.0
Belgium,2018,27.2,45980.0,1.41528937457539,68.168572322727,32.3408042346859,11427054.0
Belgium,2017,27.4,42310.0,1.08431151262542,65.3372340367951,34.7513242657393,11375158.0
Belgium,2016,27.6,43240.0,0.682454832714654,63.6160862759358,36.5283623018373,11331422.0
Belgium,2015,27.7,45520.0,0.887876358046185,60.8026221428606,38.5380170005328,11274196.0
Belgium,2014,28.1,48050.0,1.31477462306464,57.6106231184791,39.8832198687433,11209057.0
Belgium,2013,27.7,47950.0,-0.166173060728624,56.159869726618,41.4702711477874,11159407.0
Belgium,2012,27.5,47170.0,-0.403775116080638,54.4903281452635,42.5482221316464,11106932.0
Belgium,2011,28.1,46720.0,0.613616927857308,55.0145295494018,43.5153509154696,11038264.0
Belgium,2010,28.4,47110.0,1.77618341639121,56.7854964068071,45.0771598339967,10895586.0
Belgium,2009,28.6,47120.0,-2.69253471722568,58.4658025409586,47.9837677768435,10796493.0
Belgium,2008,28.4,46570.0,-0.343476136908251,62.7583028636525,49.6983602799648,10709973.0
Belgium,2007,29.2,42740.0,2.91838151983706,68.4438486940037,51.3932442192233,10625700.0
Belgium,2006,28.1,39940.0,1.87817418916214,65.8336190975591,53.4779894470406,10547958.0
Belgium,2005,29.3,37780.0,1.76045646457337,63.5977700769197,53.7760263064764,10478617.0
Belize,2022,,6710.0,7.24662103489808,42.4867905443199,14.6831345419033,402733.0
Belize,2021,,6120.0,16.6367646067625,47.6178389837793,18.1134809582031,395346.0
Belize,2020,,5170.0,-14.6255152617956,55.0782426439392,18.1315927004341,390812.0
Belize,2019,,5850.0,2.74257530356437,45.9626481720037,18.5580740357989,385829.0
Belize,2018,39.9,5610.0,-1.04044004654376,45.3308497476754,19.0542373261301,380226.0
Belize,2017,,5490.0,-4.06828153670182,44.3763660186055,19.5835237287029,373202.0
Belize,2016,,5640.0,-2.31386521552362,44.7352890566705,20.1547569178239,364705.0
Belize,2015,,5790.0,0.623344723744751,45.8912140120779,20.7716462955194,356333.0
Belize,2014,,5670.0,1.71986752597024,44.6944711868936,23.115556769706,348923.0
Belize,2013,,5580.0,1.86924052413502,44.870328091001,23.882411689355,341627.0
Belize,2012,,5330.0,1.73206971753382,46.4799548634684,23.3461288077761,334414.0
Belize,2011,,5160.0,-2.28218512422295,47.621805118508,24.1517846775504,327298.0
Belize,2010,,5060.0,-0.999227091889964,49.834593380951,25.0098596562106,320245.0
Belize,2009,,5280.0,-3.07491344525414,52.875376389189,25.9168070493715,312614.0
Belize,2008,,5170.0,-4.29751566746636,49.4066264782678,26.86005909213,304361.0
Belize,2007,,5210.0,0.469905572241231,45.5500218829615,26.2339317168234,296100.0
Belize,2006,,5160.0,1.55376134075311,42.2243890062586,23.3104114287617,287878.0
Belize,2005,,5050.0,-0.719879317857163,40.1065008277836,25.3160187108393,279731.0
Benin,2022,,1360.0,3.58043408047179,,2.90096055617268,13759501.0
Benin,2021,34.4,1280.0,4.41335435119757,,3.37662334182,13413417.0
Benin,2020,,1190.0,1.12020264806804,,3.32739235022834,13070169.0
Benin,2019,,1170.0,3.98211326561793,,3.82887027972531,12726755.0
Benin,2018,37.9,1120.0,3.73701554279164,,3.17090657980731,12383347.0
Benin,2017,,1020.0,2.67041720047298,,3.26988197996804,12039780.0
Benin,2016,,1040.0,0.361166139903119,,3.51180042984437,11697842.0
Benin,2015,47.6,1100.0,-1.18432043750336,15.8104323095811,3.54027017089045,11360681.0
Benin,2014,,1180.0,3.26077217060734,16.5298819254946,3.35216853774094,11030004.0
Benin,2013,,1140.0,4.076668026964,16.5397855483466,3.25134246219031,10708834.0
Benin,2012,,1050.0,1.74647753021327,16.251629883211,3.1762848689906,10397657.0
Benin,2011,43.4,1030.0,-0.0571230167535077,16.7676976543758,3.1863659951021,10093623.0
Benin,2010,,1020.0,-0.888244805144353,16.0621563981947,2.97037371813334,9797484.0
Benin,2009,,1020.0,-0.703743155603306,15.2520997761578,2.75907093143903,9509423.0
Benin,2008,,970.0,1.77647069609412,14.302469687286,2.38948913926987,9228466.0
Benin,2007,,870.0,2.9001757042866,13.2972990668499,1.98994208646672,8953969.0
Benin,2006,,810.0,0.750089697773319,11.3154729509089,1.6022207206447,8693242.0
Benin,2005,,780.0,-1.51043339492205,10.8321726808344,1.08187139022019,8426144.0
Bermuda,2022,,132200.0,6.31013667887972,,,64749.0
Bermuda,2021,,120410.0,4.17701251227291,,,64648.0
Bermuda,2020,,110960.0,-7.22554789447419,,,64382.0
Bermuda,2019,,116920.0,-0.124745932153232,,,64107.0
Bermuda,2018,,117160.0,-0.827444988688441,,,63831.0
Bermuda,2017,,113460.0,3.40119187834931,,,63578.0
Bermuda,2016,,105430.0,-0.633720640096868,,,63449.0
Bermuda,2015,,103940.0,0.878744268938576,,,63464.0
Bermuda,2014,,102450.0,-3.63285540773872,,,63529.0
Bermuda,2013,,104040.0,-0.166771480196203,,,63574.0
Bermuda,2012,,101910.0,-5.17585752397146,,,63646.0
Bermuda,2011,,102930.0,-3.75482688131365,,,63733.0
Bermuda,2010,,105750.0,-2.74767294578886,,,63725.0
Bermuda,2009,,,-6.02013631834608,,,63565.0
Bermuda,2008,,,-2.31554307454078,,,63300.0
Bermuda,2007,,,3.05647529695661,,,63010.0
Bermuda,2006,,,5.33726015507226,,,62834.0
Bermuda,2005,,,1.4212811702547,,,62711.0
Bhutan,2022,28.5,3600.0,4.47661599603487,67.8714365442647,,780914.0
Bhutan,2021,,3300.0,3.68935319221934,64.8888785590362,20.9042534207346,775442.0
Bhutan,2020,,3040.0,-10.8226112381065,67.5524988399457,18.9811275825118,770006.0
Bhutan,2019,,3370.0,5.05479153201512,59.3734191159054,19.3075945545562,764824.0
Bhutan,2018,,3150.0,2.76296102776938,54.8478285365288,18.3935797477758,759759.0
Bhutan,2017,37.4,2960.0,1.21137239128886,48.3130245523484,18.3609322990614,754335.0
Bhutan,2016,,2880.0,7.42464056841786,44.1289341391622,16.4908873950327,747866.0
Bhutan,2015,,2740.0,5.58370603464722,42.5291421509687,16.4586009432481,740618.0
Bhutan,2014,,2670.0,4.74506543590765,41.0852999502378,16.617875810363,733139.0
Bhutan,2013,,2630.0,0.614996700864396,42.2246322971743,17.1934040568529,725273.0
Bhutan,2012,38.8,2620.0,4.006257825918,42.2500390351052,13.3513239051409,717279.0
Bhutan,2011,,2430.0,7.30476940871061,43.0834159551712,17.3965629362085,709377.0
Bhutan,2010,,2180.0,10.7124208428696,38.4589220348196,15.2602832054225,701632.0
Bhutan,2009,,1980.0,6.48266406090858,30.8009857742806,13.6474411047929,693988.0
Bhutan,2008,,1850.0,3.35523609267926,28.6154679169836,13.501220643145,686351.0
Bhutan,2007,38.1,1700.0,14.7631409986349,22.3078367126537,13.3463328122985,678641.0
Bhutan,2006,,1390.0,4.23383383576189,20.3845618384093,13.6592412870246,670799.0
Bhutan,2005,,1260.0,5.10597951676202,17.1978616159467,14.0089609862309,661865.0
Bolivia,2022,41.2,4190.0,2.54653335522636,62.9475276019569,74.1037099515038,12077154.0
Bolivia,2021,40.9,3990.0,8.91320528866063,62.8488382346261,71.9462506460259,11937360.0
Bolivia,2020,43.6,3620.0,-13.7898619967426,69.3991245633785,68.332005367879,11816299.0
Bolivia,2019,41.6,4170.0,0.0889440250061426,54.8862654855189,44.5360418673607,11671386.0
Bolivia,2018,42.6,3730.0,1.40411994190022,52.1161124499522,40.2927347051797,11508368.0
Bolivia,2017,44.6,3250.0,2.68372843487559,47.873300738401,40.3258608918172,11344587.0
Bolivia,2016,45.2,3000.0,2.7222071569043,57.4086457676424,38.0622714069592,11180020.0
Bolivia,2015,46.7,2920.0,3.27865155787241,51.4488724591572,34.1409403767683,11014705.0
Bolivia,2014,47.8,2800.0,3.84418416828554,43.7497193000006,31.7870427757271,10848888.0
Bolivia,2013,47.6,2550.0,5.12847092655504,40.9310950343345,28.4686922410653,10682608.0
Bolivia,2012,46.6,2220.0,3.45406361160401,38.9658038429773,25.1241230797607,10515807.0
Bolivia,2011,46.1,1970.0,3.51064971722133,36.7535059221777,23.6244484998035,10348929.0
Bolivia,2010,,1760.0,2.42845713052691,36.029022193555,20.0423336122245,10182345.0
Bolivia,2009,49.2,1600.0,1.65007711075671,34.0214297799199,17.9035881032346,10016275.0
Bolivia,2008,50.8,1460.0,4.37162980865963,31.4948343659664,15.820082770296,9850858.0
Bolivia,2007,54.5,1210.0,2.79100341987355,34.3464279647996,15.2591997779778,9685960.0
Bolivia,2006,56.7,1090.0,3.02573624628771,35.1778876648113,5.54753604622661,9521689.0
Bolivia,2005,58.5,1000.0,2.67600659638214,39.7951588996808,4.9385920630252,9360754.0
Bosnia and Herzegovina,2022,,7710.0,5.53111118093285,48.0992917361806,29.4617259122237,3204802.0
Bosnia and Herzegovina,2021,30.3,6970.0,9.19342480517756,53.2893802522593,30.0042293386744,3244907.0
Bosnia and Herzegovina,2020,,6160.0,-1.65750707667169,57.6585618063256,29.7183978135194,3299349.0
Bosnia and Herzegovina,2019,,6180.0,4.16109545157208,57.1691026496546,29.5599037571512,3345533.0
Bosnia and Herzegovina,2018,,5720.0,5.10677209046635,56.6595114683875,29.9150723201196,3387000.0
Bosnia and Herzegovina,2017,,5070.0,4.57868807789549,57.5236535627643,29.7464270950973,3428682.0
Bosnia and Herzegovina,2016,,5070.0,4.59597025623206,57.1711781131322,29.5126956990909,3473003.0
Bosnia and Herzegovina,2015,32.9,5140.0,5.65603511201289,57.9682738840567,30.7451487831271,3518541.0
Bosnia and Herzegovina,2014,,5180.0,2.45997274934615,60.2166706701919,33.4884568855933,3564829.0
Bosnia and Herzegovina,2013,,5170.0,4.02941435250273,60.8344455049437,32.5142041323429,3610859.0
Bosnia and Herzegovina,2012,,4900.0,1.11532015786369,61.7159271649015,31.6456717043823,3670113.0
Bosnia and Herzegovina,2011,33.3,4900.0,2.83942425948602,60.5488434520333,31.7665838387108,3741798.0
Bosnia and Herzegovina,2010,,4820.0,2.67372042856877,61.84531111917,30.7111695649813,3811472.0
Bosnia and Herzegovina,2009,,4790.0,-1.31069341204288,64.0683205924253,31.0487068919232,3879794.0
Bosnia and Herzegovina,2008,,4500.0,7.20155128475226,65.6137184813918,32.0914388848104,3947544.0
Bosnia and Herzegovina,2007,34.3,3680.0,7.1739207271968,60.223763080251,29.6071045172364,4013424.0
Bosnia and Herzegovina,2006,,3160.0,6.27585979363216,47.7751637938284,25.9854687375388,4063272.0
Bosnia and Herzegovina,2005,,2810.0,5.02566097156414,,24.9828975645487,4096493.0
Botswana,2022,,8250.0,3.82363084321453,29.8892158357415,7.72815400349403,2439892.0
Botswana,2021,,7530.0,10.2596472128547,34.5320284610526,6.91065502067726,2401441.0
Botswana,2020,,6600.0,-10.0332383222742,39.7285319568677,8.28564679169179,2365894.0
Botswana,2019,,7520.0,1.57639094067899,35.9371549010473,8.59112722798569,2332083.0
Botswana,2018,,6680.0,2.72071433079989,34.7396633171423,8.48041944892022,2299141.0
Botswana,2017,,6210.0,2.6459126098983,33.9522213058753,7.61337638771088,2266747.0
Botswana,2016,,6060.0,5.69319455388396,32.6906447797128,8.24996358414512,2234776.0
Botswana,2015,54.9,6140.0,-6.19995412245493,35.9943679768934,8.04767389242239,2203273.0
Botswana,2014,,6990.0,4.17099012944411,32.5836928214003,8.69739341142109,2172044.0
Botswana,2013,,6950.0,9.43871073960261,33.1944622770528,8.53674068617496,2140682.0
Botswana,2012,,6910.0,-1.83175900387364,32.9104608560684,8.36065769570438,2108617.0
Botswana,2011,,6500.0,4.75557328946104,27.8535285319926,8.32060137863757,2073535.0
Botswana,2010,,5370.0,7.82114699392078,27.5149277438416,8.73173398295478,2033111.0
Botswana,2009,56.9,4890.0,-15.8997149078875,29.3564386244731,8.42188848818078,1990673.0
Botswana,2008,,5470.0,1.1992313160418,26.3022588108671,8.48298736883181,1949970.0
Botswana,2007,,5620.0,3.7618955229655,23.461755821797,7.59321261707191,1911201.0
Botswana,2006,,5400.0,6.36142559180612,20.936231035363,6.64883912890477,1874516.0
Botswana,2005,,4830.0,2.69660633056192,19.763428572926,6.31483612584804,1839877.0
Brazil,2022,51.9,8440.0,2.64631532426549,70.6060973784652,16.5611682964621,210306415.0
Brazil,2021,52.9,8060.0,4.3179316178023,68.8052246831437,17.1964909481549,209550294.0
Brazil,2020,48.8,8080.0,-3.83550546624957,68.6961548472792,17.9354643468671,208660842.0
Brazil,2019,53.5,9410.0,0.562970836695342,62.7905050793429,18.6699347804969,207455459.0
Brazil,2018,53.9,9320.0,1.09040860420944,60.2183479382346,18.9416281392331,206107261.0
Brazil,2017,53.3,8830.0,0.587668928601474,59.4843092970149,19.4612923304483,204703445.0
Brazil,2016,53.4,9050.0,-4.01012719205779,62.1940069637572,20.285549584657,203218114.0
Brazil,2015,51.9,10330.0,-4.30639755989316,66.8297006472797,20.7998110592124,201675532.0
Brazil,2014,52.1,12280.0,-0.303163572469245,66.0285103939577,21.1708614032165,200085127.0
Brazil,2013,52.7,12950.0,2.17333080616082,64.2305738280513,20.4625464135459,198478299.0
Brazil,2012,53.4,12460.0,1.09733293754664,62.5192932013758,20.3338932920862,196876111.0
Brazil,2011,52.9,11210.0,3.13169854409105,58.0784911068154,19.1135004934078,195284734.0
Brazil,2010,,9750.0,6.62782994929138,52.7646576299427,18.5912843466076,193701929.0
Brazil,2009,53.7,8400.0,-1.01632362228523,47.4942898468856,19.0993276078209,192079951.0
Brazil,2008,54.0,7680.0,4.09221626871856,45.7822559944444,19.0968695273595,190367302.0
Brazil,2007,54.9,6240.0,5.00147015892721,40.6909379439314,18.5172137485956,188552320.0
Brazil,2006,55.6,4890.0,2.8675208375461,35.4251666759672,18.4485753885318,186653106.0
Brazil,2005,56.3,4030.0,2.07730833921147,31.8397841553463,18.6061757765577,184688101.0
British Virgin Islands,2022,,,,,,38319.0
British Virgin Islands,2021,,,,,,37809.0
British Virgin Islands,2020,,,,,,37135.0
British Virgin Islands,2019,,,,,,36395.0
British Virgin Islands,2018,,,,,,34657.0
British Virgin Islands,2017,,,,,,32699.0
British Virgin Islands,2016,,,,,,33878.0
British Virgin Islands,2015,,,,,,34498.0
British Virgin Islands,2014,,,,,,32962.0
British Virgin Islands,2013,,,,,,31703.0
British Virgin Islands,2012,,,,,,30345.0
British Virgin Islands,2011,,,,,,28710.0
British Virgin Islands,2010,,,,,,27675.0
British Virgin Islands,2009,,,,,,27218.0
British Virgin Islands,2008,,,,,,26288.0
British Virgin Islands,2007,,,,,,25366.0
British Virgin Islands,2006,,,,,,24493.0
British Virgin Islands,2005,,,,,,23665.0
Brunei Darussalam,2022,,30970.0,-2.41660968862067,31.5556345664422,,455370.0
Brunei Darussalam,2021,,29890.0,-2.53123842091919,36.2693770865454,16.2438432933232,451721.0
Brunei Darussalam,2020,,30810.0,0.0657353317528475,39.6898831720749,17.3621839861809,447404.0
Brunei Darussalam,2019,,31550.0,2.72616506285996,35.7055507452154,17.5961825231136,442680.0
Brunei Darussalam,2018,,28790.0,-1.09895909064488,35.0404687970572,17.2629972197489,437810.0
Brunei Darussalam,2017,,29230.0,0.109331621558866,39.4618611204976,18.4760350428798,432772.0
Brunei Darussalam,2016,,32570.0,-3.69864300009469,44.3021638754597,19.7164585484931,427564.0
Brunei Darussalam,2015,,38180.0,-1.68097052571925,41.4362678166928,20.9546427233416,422212.0
Brunei Darussalam,2014,,42370.0,-3.80575468176978,33.2079784899882,20.3568589689736,416750.0
Brunei Darussalam,2013,,44580.0,-3.46841841572171,31.1924155479326,23.0176841579145,411202.0
Brunei Darussalam,2012,,41690.0,-0.62162371685136,27.9921423332786,22.7547274619444,405557.0
Brunei Darussalam,2011,,36520.0,1.91129549119837,28.1209484005362,23.1748130678681,399389.0
Brunei Darussalam,2010,,35370.0,0.808737769071328,36.9082710710888,23.2842626186802,392332.0
Brunei Darussalam,2009,,35470.0,-3.72462679896589,40.1017864313274,23.6750789758232,384952.0
Brunei Darussalam,2008,,36700.0,-5.66095294794741,31.7685275176143,23.000237189946,377793.0
Brunei Darussalam,2007,,33470.0,-5.37503174884661,34.2003517323403,22.6774787032871,370873.0
Brunei Darussalam,2006,,30720.0,2.45784696303623,31.7045594567715,23.0970111722478,364663.0
Brunei Darussalam,2005,,25670.0,-1.67695306815315,,25.8066474887855,358916.0
Bulgaria,2022,38.2,13100.0,4.76332108962356,44.7288137825196,79.0432369203676,6465097.0
Bulgaria,2021,39.0,11720.0,8.54724211432547,48.1534647397881,61.1811357206881,6507301.0
Bulgaria,2020,40.5,10090.0,-2.15683103882644,51.3032043573463,59.7289503253391,6550696.0
Bulgaria,2019,40.3,9920.0,5.26897872493906,49.8324848400669,57.4662217051838,6616726.0
Bulgaria,2018,41.3,8860.0,3.74323820792699,50.5406119539966,52.4958565060229,6710798.0
Bulgaria,2017,40.4,7900.0,4.1152395764986,49.8038881171013,50.8049992909017,6803468.0
Bulgaria,2016,40.6,7630.0,4.37288163509066,52.019750215835,48.3900153580731,6894139.0
Bulgaria,2015,38.6,7620.0,4.72028584001873,54.7945970156139,60.2096860710439,6984225.0
Bulgaria,2014,37.4,7850.0,2.18296501943183,59.2265470205194,60.4300530197936,7073572.0
Bulgaria,2013,36.6,7700.0,1.48366085514411,66.1868503636621,60.9014179132225,7160005.0
Bulgaria,2012,36.0,7490.0,1.33406661288926,65.7832885389643,61.494096471251,7305888.0
Bulgaria,2011,34.3,7260.0,2.74691014250048,65.2789533793202,60.1646501713144,7348328.0
Bulgaria,2010,35.7,7010.0,2.22607896520175,68.2016658058432,92.1617808433924,7395599.0
Bulgaria,2009,33.8,6680.0,-2.72241480587978,68.9585675826522,92.4526972911173,7444443.0
Bulgaria,2008,33.6,6070.0,6.87712653095458,66.9202948770101,92.4631212438304,7492561.0
Bulgaria,2007,36.1,4820.0,7.44148890461591,58.4585074534344,88.4454290783196,7545338.0
Bulgaria,2006,35.7,4300.0,7.61684968390605,42.4504456723938,84.5846879643919,7601022.0
Bulgaria,2005,,3800.0,7.86550144024491,39.0634456637608,85.5649389905184,7658972.0
Burkina Faso,2022,,840.0,-0.693015914774818,31.6493056662127,2.73508485346058,22509038.0
Burkina Faso,2021,37.4,820.0,4.43100540861892,29.4819696538483,2.68689281887429,21995243.0
Burkina Faso,2020,,770.0,-0.443420002406739,28.6738905255504,2.74281799797031,21478690.0
Burkina Faso,2019,,760.0,3.24391866186016,28.3478578876958,2.98837702711935,20961952.0
Burkina Faso,2018,43.0,730.0,3.76772678322459,27.1497137139349,2.74564325251039,20438288.0
Burkina Faso,2017,,650.0,3.21640521697573,27.4216018903543,2.76985266592338,19894407.0
Burkina Faso,2016,,650.0,2.9035090911533,25.8099456026525,2.79399849124081,19334856.0
Burkina Faso,2015,,680.0,0.888259827767996,25.0377705622704,2.81612969189775,18777487.0
Burkina Faso,2014,35.3,730.0,1.27047655599692,23.4056081561127,2.68304491781682,18229461.0
Burkina Faso,2013,,750.0,2.66508275857795,20.82103798382,2.25448313364806,17695409.0
Burkina Faso,2012,,710.0,3.28878346500349,16.6424591713293,2.07610193682024,17172287.0
Burkina Faso,2011,,660.0,3.51633623623128,15.3703421373421,2.02875713349255,16661908.0
Burkina Faso,2010,,630.0,5.31934915891263,15.6345262986983,1.85983167496441,16176498.0
Burkina Faso,2009,39.8,590.0,-0.000227773519867469,16.0831017980888,1.74847803201639,15710066.0
Burkina Faso,2008,,550.0,2.73663676272773,15.090956904862,1.59271213538053,15258093.0
Burkina Faso,2007,,490.0,1.00131276742226,12.7845581771528,1.42736180593291,14816307.0
Burkina Faso,2006,,470.0,2.98889211912471,14.6778844337033,1.1514147496997,14373707.0
Burkina Faso,2005,,440.0,5.29574030906821,13.2962037127745,1.22927774777283,13932123.0
Burundi,2022,,290.0,-0.413741363752337,34.9352492275533,3.3334139266028,13321097.0
Burundi,2021,,260.0,0.462596741612089,28.3775482102837,3.17468700404787,12965481.0
Burundi,2020,37.5,250.0,-2.56910007625271,19.4037543177132,3.08712938896494,12617036.0
Burundi,2019,,250.0,1.08494176938687,18.5772261218263,2.99313584792832,12255336.0
Burundi,2018,,250.0,2.20950781918904,16.5086011287819,3.05091529946143,11859446.0
Burundi,2017,,240.0,1.41976303921598,14.8751095645513,3.15484186783784,11506762.0
Burundi,2016,,240.0,1.43842311150118,17.3430079433227,3.21333449991347,11239451.0
Burundi,2015,,240.0,-2.63843207790325,18.0993066345064,3.13671888690288,11047580.0
Burundi,2014,,240.0,0.765722877623617,19.2931031434152,3.04430328552892,10799785.0
Burundi,2013,38.6,240.0,1.2220776240641,19.3896785284403,3.11019587686243,10439341.0
Burundi,2012,,230.0,0.762376963720541,20.2564835755971,2.62217067783861,10071028.0
Burundi,2011,,220.0,0.368535841377152,21.5599867211629,2.41098219750033,9717978.0
Burundi,2010,,200.0,0.287652254263818,18.3619180287296,2.20644887359791,9376444.0
Burundi,2009,,190.0,-1.33995105464051,14.6793826690786,1.99785480340484,8947646.0
Burundi,2008,,180.0,0.668760370648471,13.6629151516452,1.86859758014415,8505637.0
Burundi,2007,,160.0,-0.311187520314832,14.7745242569166,1.8396255810055,8161874.0
Burundi,2006,33.4,150.0,1.68473642542624,15.8308802198641,1.72179396582956,7865547.0
Burundi,2005,,130.0,-2.77894802793541,14.5436683318932,1.59265626197603,7587299.0
Cabo Verde,2022,,4550.0,15.1545081084513,57.9177809708983,30.3744507477139,519741.0
Cabo Verde,2021,,3870.0,6.62540765957627,67.561644973855,30.1304649130736,516649.0
Cabo Verde,2020,,3510.0,-20.8937523404244,68.4560324470723,29.1712540816231,514679.0
Cabo Verde,2019,,4420.0,6.80449531732363,51.6385591168305,30.1026356529883,514104.0
Cabo Verde,2018,,4040.0,3.60152349643896,53.6607055362922,30.579778029643,513415.0
Cabo Verde,2017,,3620.0,4.48221093147532,55.4240595425905,29.3528558602113,512893.0
Cabo Verde,2016,,3580.0,4.24816232606327,55.104237005768,31.3588150883566,512554.0
Cabo Verde,2015,42.4,3620.0,0.922631249857901,56.4111670298392,31.6562337251218,512394.0
Cabo Verde,2014,,3750.0,0.676815488926465,57.6507481205977,31.7283635966441,512326.0
Cabo Verde,2013,,3840.0,0.579092309567969,58.5403296940705,32.0872348493889,512225.0
Cabo Verde,2012,,3730.0,0.983345735610456,58.5656233941807,32.1903504690594,511955.0
Cabo Verde,2011,,3760.0,3.58680088003479,59.9314092638016,28.7145278945072,511447.0
Cabo Verde,2010,,3600.0,1.10867941118087,56.4707434059343,29.3300619033518,509784.0
Cabo Verde,2009,,3650.0,-2.43495532260619,53.1262342898702,26.5617285911024,506141.0
Cabo Verde,2008,,3360.0,5.93628669264135,47.7156988322521,24.2988161735291,501355.0
Cabo Verde,2007,47.2,2770.0,13.9029028555293,41.7784504486587,20.0966466004695,496190.0
Cabo Verde,2006,,2200.0,6.74862061785244,44.8559642439518,17.2247485186716,490728.0
Cabo Verde,2005,,2070.0,5.64634152921253,39.1008095002529,15.4737381650081,485115.0
Cambodia,2022,,2270.0,3.74000920039251,132.817046084495,12.5568900142339,17201724.0
Cambodia,2021,,2120.0,1.57862051550094,121.842231182128,12.3970993856871,16974305.0
Cambodia,2020,,2050.0,-4.96368199399319,103.732769960088,11.6125881148454,16725474.0
Cambodia,2019,,2100.0,6.58272364852731,84.3236738579751,8.30260649897749,16481304.0
Cambodia,2018,,1920.0,7.43177030242717,73.8164269734727,7.83001922108828,16274522.0
Cambodia,2017,,1690.0,6.59196495590379,65.4627205323548,7.50983497795995,16073372.0
Cambodia,2016,,1550.0,6.34300627617029,61.5608886370159,7.22882156083275,15852803.0
Cambodia,2015,,1430.0,5.652931676093,55.4895476723685,6.10065307960498,15623251.0
Cambodia,2014,,1330.0,6.41109251902618,47.4846013792973,5.65926257613641,15396772.0
Cambodia,2013,,1230.0,6.25691498312409,39.9894575353834,4.73009973225887,15170208.0
Cambodia,2012,,1110.0,6.04756982656951,30.5425881520531,4.42545100581216,14945085.0
Cambodia,2011,,990.0,5.66993084409259,22.6086429598106,4.19091644488477,14722584.0
Cambodia,2010,,910.0,3.45435117133705,22.4361253557847,4.02923481550052,14500726.0
Cambodia,2009,,840.0,2.44674504763958,20.4608476270489,3.8676666838563,14276810.0
Cambodia,2008,,780.0,5.85728555368171,19.9475689912403,3.06164772724221,14053479.0
Cambodia,2007,,670.0,8.78143916559131,15.5303740236918,2.95932964558163,13841770.0
Cambodia,2006,,580.0,9.31792401297673,10.4471373960597,2.27416413097366,13639028.0
Cambodia,2005,,510.0,11.6637861428805,7.99396282488354,,13439202.0
Cameroon,2022,,1660.0,1.04502997524601,,,27632771.0
Cameroon,2021,42.2,1610.0,0.631351991581198,,,26915758.0
Cameroon,2020,,1540.0,-2.43476031121681,,2.15219741957381,26210558.0
Cameroon,2019,,1560.0,0.636415290549962,14.0910928751244,2.15225378518415,25506095.0
Cameroon,2018,,1520.0,1.11514946861584,14.6820776289898,2.19823199933141,24806383.0
Cameroon,2017,,1410.0,0.647004976201075,14.0633461453046,1.90235273296126,24128601.0
Cameroon,2016,,1470.0,1.45711722669677,14.3706640485152,2.03333509751457,23454161.0
Cameroon,2015,,1530.0,2.40123368709621,14.1903930856487,2.05599626776207,22763414.0
Cameroon,2014,46.6,1570.0,2.56873406379989,13.7278364272632,1.97764898490158,22059893.0
Cameroon,2013,,1530.0,2.08714719116143,12.9611374928781,1.95590445470867,21402376.0
Cameroon,2012,,1470.0,1.723811615485,12.4120200108143,1.83134530626198,20809529.0
Cameroon,2011,,1470.0,0.496174364645441,12.3263650704915,1.73141743506803,20232304.0
Cameroon,2010,,1450.0,0.000136421484427274,10.7779374242217,1.68500057883699,19668066.0
Cameroon,2009,,1460.0,-0.318334274636157,9.64395738517045,1.30360221252762,19113974.0
Cameroon,2008,,1360.0,-0.054684354254718,9.23971527903247,1.21299811744544,18574056.0
Cameroon,2007,42.8,1250.0,1.44056500100977,8.28508670414223,1.12537497398763,18049896.0
Cameroon,2006,,1200.0,0.995178501621496,8.12353298418805,1.08012006614655,17550407.0
Cameroon,2005,,1140.0,-0.550411134631503,8.40286242580155,1.00010253576503,17074594.0
Canada,2022,31.5,53850.0,2.32641594463436,,19.7666921928137,38935934.0
Canada,2021,31.1,49080.0,5.36528781293082,,20.6899045089685,38239864.0
Canada,2020,29.9,43900.0,-6.06240642306676,,20.1818359350826,38028638.0
Canada,2019,31.8,46580.0,0.429657601305934,,19.7497327284047,37618495.0
Canada,2018,32.5,45060.0,1.28092659672814,,20.1775917380461,37072620.0
Canada,2017,33.3,42900.0,1.8094644720755,,20.8265543660554,36545075.0
Canada,2016,32.7,43900.0,-0.0982963624127819,,22.3393179764571,36110803.0
Canada,2015,33.7,47580.0,-0.11236916498423,,22.9107476249743,35704498.0
Canada,2014,33.2,52200.0,1.84840952337521,,23.1951798232934,35434066.0
Canada,2013,33.8,52800.0,1.2535901034471,,23.354895303511,35080992.0
Canada,2012,33.5,51080.0,0.658841956783917,,24.3163316856434,34713395.0
Canada,2011,32.7,47190.0,2.13607717133128,,24.1869195243838,34339221.0
Canada,2010,33.6,44490.0,1.95144744690714,,24.0771732609176,34005902.0
Canada,2009,34.0,43230.0,-4.02008809742583,,24.2070529689527,33630069.0
Canada,2008,33.9,44930.0,-0.0933427924909864,124.097771689277,24.6236459257278,33247298.0
Canada,2007,33.8,41540.0,1.06414487775739,123.533648061052,24.6683566178553,32888886.0
Canada,2006,34.1,37900.0,1.60290147691838,134.12080712347,24.5739268295257,32571193.0
Canada,2005,33.6,34310.0,2.23757661617552,121.661092958293,,32242732.0
Cayman Islands,2022,,74060.0,3.58453531400384,,,71591.0
Cayman Islands,2021,,76260.0,2.73935936787683,,,70108.0
Cayman Islands,2020,,62420.0,-6.83262932515115,,,68684.0
Cayman Islands,2019,,64520.0,1.77641924268777,,,67327.0
Cayman Islands,2018,,57880.0,2.04406954881368,,,65941.0
Cayman Islands,2017,,51890.0,0.889647247053603,,,64535.0
Cayman Islands,2016,,47830.0,0.854492132236558,,,63100.0
Cayman Islands,2015,,44430.0,0.36080343256711,,,61642.0
Cayman Islands,2014,,43420.0,0.0864597299432575,,,60160.0
Cayman Islands,2013,,44990.0,-1.34352002810977,,,58655.0
Cayman Islands,2012,,51150.0,-1.48099826202056,,,57136.0
Cayman Islands,2011,,73950.0,-1.57275972465099,,,55606.0
Cayman Islands,2010,,73550.0,-5.37886797123619,,,54099.0
Cayman Islands,2009,,,-9.78775124105034,,,52618.0
Cayman Islands,2008,,,-3.20928627038711,,,51151.0
Cayman Islands,2007,,,0.141681834726853,,,49687.0
Cayman Islands,2006,,,,,,48232.0
Cayman Islands,2005,,,,,,46788.0
Central African Republic,2022,,520.0,0.730965726740934,13.0385826544527,,5098039.0
Central African Republic,2021,43.0,510.0,-0.705468755505223,11.7946888020579,,5112100.0
Central African Republic,2020,,490.0,-0.744488614542561,11.7039071336529,,5026628.0
Central African Republic,2019,,500.0,1.72290159793216,11.7050145625006,,4944703.0
Central African Republic,2018,,470.0,1.9780319759616,12.3443319944716,,4878657.0
Central African Republic,2017,,420.0,2.7861131027974,11.2150177342096,0.707527145458147,4793511.0
Central African Republic,2016,,400.0,2.87598768927953,12.3148432385651,0.68060219682375,4713663.0
Central African Republic,2015,,390.0,4.19878078824811,11.7154335961189,0.690483752917294,4629320.0
Central African Republic,2014,,380.0,0.497506544343594,12.7910233032414,0.979270476137627,4623182.0
Central African Republic,2013,,360.0,-36.8245466038613,13.5768259854235,1.06172328306074,4642419.0
Central African Republic,2012,,540.0,4.00963689358869,10.7719414058324,0.978649137973218,4610848.0
Central African Republic,2011,,510.0,2.55065326927321,9.18046542071693,0.936583522482484,4565021.0
Central African Republic,2010,,500.0,5.47038096593693,8.30898124968165,0.896448758988936,4492995.0
Central African Republic,2009,,460.0,9.30502220176477,6.96252915838712,0.783231911671227,4529047.0
Central African Republic,2008,56.2,390.0,-0.0996463174017777,7.02011112860774,0.543315856673277,4558984.0
Central African Republic,2007,,360.0,2.61065388109087,6.78526082643897,0.509324889858493,4462770.0
Central African Republic,2006,,330.0,2.64652651726671,6.70566037241739,0.301936664902494,4377579.0
Central African Republic,2005,,320.0,-1.35012540536219,6.89890787847171,0.306789739022734,4288810.0
Chad,2022,37.4,950.0,0.591759077197977,,,18455316.0
Chad,2021,,890.0,-3.10209208601812,8.32290954891334,0.845197985403876,17828273.0
Chad,2020,,890.0,-3.51319644461273,7.22915564060594,0.863483391012105,17224679.0
Chad,2019,,920.0,2.04363651475524,7.54147312123575,0.845695777738762,16685223.0
Chad,2018,37.5,890.0,2.24768972082788,8.24873656929464,0.950393413502103,16156531.0
Chad,2017,,830.0,-4.81719581978666,9.10617708639334,1.0114493505855,15622759.0
Chad,2016,,940.0,-7.0850619018951,9.66896292279385,1.00818607294412,15114655.0
Chad,2015,,1130.0,0.0674074942708955,6.28199600168377,0.985893912064014,14647621.0
Chad,2014,,1260.0,-1.51652756708047,5.99411802017464,0.960813503838167,14188678.0
Chad,2013,,1310.0,-0.767831669015877,4.41495267416436,0.880438117746566,13691079.0
Chad,2012,,1310.0,5.29734255122003,4.02102215723731,0.654974009717377,13210998.0
Chad,2011,43.3,1190.0,0.870883384911707,3.53708298939375,0.678959411016922,12754997.0
Chad,2010,,1150.0,9.80713115149598,3.21497699838003,0.621588521811787,12312575.0
Chad,2009,,1020.0,-4.86874608942905,2.96502979878641,0.557835072510953,11893754.0
Chad,2008,,910.0,-0.463468027675191,2.37779871540522,0.490464064836547,11476296.0
Chad,2007,,820.0,0.671852923392407,1.90885958094899,0.362729605573268,11081660.0
Chad,2006,,630.0,-4.05733919622048,1.69490431367969,0.355987103524047,10706424.0
Chad,2005,,510.0,12.6968038845754,1.95252225003226,0.368471842545388,10328092.0
Channel Islands,2022,,,5.0433512927915,,,167215.0
Channel Islands,2021,,,9.60318203511517,,,166741.0
Channel Islands,2020,,,-9.22341035779262,,,166235.0
Channel Islands,2019,,,1.15023329351136,,,165639.0
Channel Islands,2018,,,0.736021076194476,,,164949.0
Channel Islands,2017,,,1.5363504960191,,,164319.0
Channel Islands,2016,,,0.948076599842508,,,163883.0
Channel Islands,2015,,,-0.0726855379298144,,,163454.0
Channel Islands,2014,,,1.8297582773701,,,162726.0
Channel Islands,2013,,,-0.133468759749221,,,161777.0
Channel Islands,2012,,,-6.37565059386247,,,160767.0
Channel Islands,2011,,,0.438026517384117,,,159706.0
Channel Islands,2010,,,-4.28117501896055,,,158621.0
Channel Islands,2009,,,,,,157511.0
Channel Islands,2008,,,,,,156408.0
Channel Islands,2007,,,,,,155309.0
Channel Islands,2006,,,,,,154214.0
Channel Islands,2005,,,,,,153126.0
Chile,2022,43.2,15440.0,1.64877813218645,112.621958263293,10.0108764456755,19553036.0
Chile,2021,,14790.0,10.824550522267,109.321889752715,10.908860309716,19456334.0
Chile,2020,47.0,12960.0,-6.98113061984451,123.562500975164,12.096660723174,19370624.0
Chile,2019,,14690.0,-0.962096016030856,123.249083555952,12.8825431058886,19197744.0
Chile,2018,,14460.0,2.14988195463914,116.098274611163,13.8740323787792,18893191.0
Chile,2017,45.3,13200.0,-0.235110167425177,111.859731058874,14.7684591382881,18558868.0
Chile,2016,,13310.0,0.52983351729867,109.658986217723,15.7123238141173,18267221.0
Chile,2015,45.3,14080.0,1.11370445947465,108.683157928884,16.0551693659537,18047625.0
Chile,2014,,14690.0,0.783002086375433,107.29402770779,16.743951256466,17864195.0
Chile,2013,46.8,15080.0,2.32789256098182,104.149344550832,16.9476736983953,17687006.0
Chile,2012,,14170.0,5.14158431251035,104.266686517931,17.1038358590725,17519119.0
Chile,2011,46.9,11860.0,5.18104033334399,101.863485350982,17.1828712164469,17351816.0
Chile,2010,,10720.0,4.79363748014636,99.4755906592451,17.286196043738,17181464.0
Chile,2009,47.4,9880.0,-2.11061042692428,102.687075908392,16.8690201206036,17009731.0
Chile,2008,,9950.0,2.75755699285021,100.172568090545,17.2602515884572,16838988.0
Chile,2007,,8700.0,4.14386212927862,84.0752473162029,17.0606369299215,16671581.0
Chile,2006,47.7,7350.0,5.01952135827457,78.1133233692663,16.4845715762176,16509195.0
Chile,2005,,6200.0,4.79182839139716,77.634565408211,15.267232726176,16348778.0
China,2022,36.0,13170.0,3.14769982133814,181.785162429715,8.79796680446132,1412175000.0
China,2021,35.7,12220.0,8.47322717245602,173.554518720488,8.77777453041303,1412360000.0
China,2020,37.1,10740.0,2.09686667315867,179.104100221958,8.77114476644331,1411100000.0
China,2019,38.2,10510.0,5.6929006014863,162.207566232758,8.84728417841178,1407745000.0
China,2018,38.5,9720.0,6.25861232477357,154.991560224764,8.8681302997099,1402760000.0
China,2017,39.1,8830.0,6.24626618729064,152.089747458443,8.80003014835872,1396215000.0
China,2016,38.5,8360.0,6.16542718232793,153.192761827313,8.79412679055054,1387790000.0
China,2015,38.6,8040.0,6.35855026398104,149.628832038708,8.50993908335818,1379860000.0
China,2014,39.2,7600.0,6.78666987945924,137.623726308462,8.03634182616432,1371860000.0
China,2013,39.7,6860.0,7.06322465705706,131.939045697462,7.80603440823121,1363240000.0
China,2012,42.2,6010.0,7.12701272347094,126.819734509975,7.73405589927857,1354190000.0
China,2011,42.4,5130.0,8.86480747550642,121.167093127879,,1345035000.0
China,2010,43.7,4410.0,10.0634243207535,124.425608463989,,1337705000.0
China,2009,,3740.0,8.85990205362064,122.30114770831,,1331260000.0
China,2008,43.0,3140.0,9.10974706584638,100.407960956815,,1324655000.0
China,2007,,2550.0,13.5553663508412,104.210464888538,,1317885000.0
China,2006,,2090.0,12.0472818925694,107.618484093695,,1311020000.0
China,2005,40.9,1790.0,10.8046485485004,110.318412911549,,1303720000.0
Colombia,2022,54.8,6560.0,6.18779953705864,44.1883129591758,12.8055612162808,51737944.0
Colombia,2021,55.1,6310.0,9.5929782838861,47.9124060650503,12.6686456195329,51188173.0
Colombia,2020,54.4,5850.0,-8.50949477621059,51.9987790610816,13.4413138156236,50629997.0
Colombia,2019,52.5,6630.0,1.36014067984289,46.0415781067709,14.4735189500999,49907985.0
Colombia,2018,51.6,6350.0,0.695264947238812,45.8707074728714,14.926854207414,49024465.0
Colombia,2017,50.9,6030.0,-0.101221554133033,49.8054213986161,15.5084408743997,48131078.0
Colombia,2016,51.7,6560.0,1.08114925712198,47.0541978052352,16.1007142847292,47437512.0
Colombia,2015,52.0,7420.0,2.06923227113727,46.9053935998568,16.3014663939335,46969940.0
Colombia,2014,53.6,8280.0,3.5703066542077,42.3846056970012,15.7121396828327,46565429.0
Colombia,2013,53.5,8010.0,4.14129387844136,39.4836916913458,15.7226398735716,46151584.0
Colombia,2012,53.6,7340.0,2.87569627540904,37.7448515262876,15.1209763671974,45715810.0
Colombia,2011,53.3,6370.0,5.80823503363762,34.9599738877775,14.8541664269339,45259614.0
Colombia,2010,54.4,5690.0,3.31434936742798,32.3529586377969,13.8930338668499,44777319.0
Colombia,2009,54.1,5200.0,-0.0317051022677077,30.058849809334,14.0683391512135,44271541.0
Colombia,2008,55.0,4770.0,2.04799051810861,31.3428821283831,14.1340923673289,43758808.0
Colombia,2007,,4170.0,5.39446786231066,30.5665682234069,,43235374.0
Colombia,2006,,3540.0,5.31174394421016,27.3293271996088,,42691084.0
Colombia,2005,53.9,3030.0,3.37111077766936,22.7527186089506,,42128977.0
Comoros,2022,,1590.0,0.633328895842794,17.0621990774365,5.01440677639217,834188.0
Comoros,2021,,1570.0,0.00413128531081952,16.3887427830441,5.12573830345948,818174.0
Comoros,2020,34.2,1520.0,-2.13464959719172,15.062938071211,3.83042120521179,802163.0
Comoros,2019,,1530.0,-0.178316983862871,15.5802237466904,3.91776003101216,786578.0
Comoros,2018,,1490.0,1.63835635175063,15.9122728670131,3.37373379553486,771590.0
Comoros,2017,,1380.0,1.76756640070596,16.4592204557401,3.23783168887459,756669.0
Comoros,2016,,1410.0,1.22276485365785,16.1429576955409,3.32247989899661,741741.0
Comoros,2015,,1480.0,-0.965303682858504,15.8220261992571,2.95952283385694,726682.0
Comoros,2014,45.3,1590.0,-0.0905881667515871,13.6288653351441,3.04321363359708,711503.0
Comoros,2013,,1590.0,2.28108217474703,12.8050752158186,2.64913421477254,696192.0
Comoros,2012,,1510.0,1.11385857437342,12.0894196952257,2.47868946730485,681630.0
Comoros,2011,,1490.0,2.08269275960269,10.6281935875176,2.29690861621464,668056.0
Comoros,2010,,1450.0,1.73524239121446,10.4775984667333,1.31429878217075,654836.0
Comoros,2009,,1440.0,1.20778430816443,8.78333732412975,1.35409980798865,641947.0
Comoros,2008,,1340.0,1.91937430669343,6.3534353915269,1.11641096203924,629307.0
Comoros,2007,,1190.0,-1.18558697748325,5.35040930549283,1.15089698033405,616927.0
Comoros,2006,,1140.0,-3.71626145355258,4.98534469634907,0.593455961116765,604753.0
Comoros,2005,,1140.0,3.53060047143931,5.16315796175395,0.612323000382702,592677.0
"Congo, Dem. Rep.",2022,,610.0,5.84381468903847,8.54046311411873,,102396968.0
"Congo, Dem. Rep.",2021,,530.0,3.03871005349485,6.76403632346416,,99148932.0
"Congo, Dem. Rep.",2020,44.7,480.0,-2.41880983949436,7.77351785936603,,95989998.0
"Congo, Dem. Rep.",2019,,460.0,-2.58176822938702,6.63540522970595,0.674267208638097,92947442.0
"Congo, Dem. Rep.",2018,,460.0,2.57995294310305,5.91738564865962,0.88825021292595,90047644.0
"Congo, Dem. Rep.",2017,,440.0,0.498126250776636,5.53598634132898,0.873650173317786,87083398.0
"Congo, Dem. Rep.",2016,,460.0,-3.09891686152069,7.1121281512558,0.842135502346364,83956415.0
"Congo, Dem. Rep.",2015,,460.0,2.90483865777841,5.93167471593023,1.02909528591249,81035531.0
"Congo, Dem. Rep.",2014,,440.0,3.72497982298587,5.3536176326424,0.793977925239089,78403242.0
"Congo, Dem. Rep.",2013,,410.0,5.95809677482721,4.91397198759442,0.648250819324995,75789395.0
"Congo, Dem. Rep.",2012,42.1,380.0,5.10047276850003,4.6954741955691,0.691275909007568,73254618.0
"Congo, Dem. Rep.",2011,,330.0,4.1213329035411,3.93873705237114,0.610506209726278,70849311.0
"Congo, Dem. Rep.",2010,,320.0,4.45970291691562,3.32382163504594,0.601028921252874,68563038.0
"Congo, Dem. Rep.",2009,,300.0,-2.49542488145794,5.31192894200943,0.484341045984111,66412044.0
"Congo, Dem. Rep.",2008,,300.0,4.21104272850354,4.34458641170505,0.472667423098238,64390664.0
"Congo, Dem. Rep.",2007,,260.0,5.29572569310682,2.41095421355526,0.478471173696126,62477752.0
"Congo, Dem. Rep.",2006,,220.0,1.91803613632446,1.94439729755035,0.451028781944154,60615908.0
"Congo, Dem. Rep.",2005,,190.0,2.92453150481739,1.13960704796909,0.45449435836153,58775724.0
"Congo, Rep.",2022,,2170.0,-0.927744025174505,12.7664269281269,,6035104.0
"Congo, Rep.",2021,,2040.0,-1.37465389510481,13.902630970771,2.81399044201204,5892183.0
"Congo, Rep.",2020,,2230.0,-8.48578578986992,15.5564368746607,2.99312414584105,5752791.0
"Congo, Rep.",2019,,2180.0,-1.27988440285151,12.6399762805673,3.08368125417449,5616661.0
"Congo, Rep.",2018,,2070.0,-4.6581397485937,13.0035781117488,3.14328157942041,5483118.0
"Congo, Rep.",2017,,1740.0,-7.86139425991523,15.7845144454442,3.1344179992437,5351011.0
"Congo, Rep.",2016,,2260.0,-10.8700508595295,17.9395649927598,2.98071890780914,5222536.0
"Congo, Rep.",2015,,3080.0,-1.98214587471384,15.2272521698246,2.63437351927738,5097581.0
"Congo, Rep.",2014,,3800.0,4.1002792779107,11.1598525258918,2.55428307659748,4975880.0
"Congo, Rep.",2013,,3560.0,-3.09694323656935,8.87867280525648,1.98000198000198,4857099.0
"Congo, Rep.",2012,,3330.0,6.91517273107118,7.41275433322396,0.535187017280424,4740450.0
"Congo, Rep.",2011,48.9,2580.0,-1.06295910259951,7.16938539992393,0.313029949923034,4609724.0
"Congo, Rep.",2010,,2640.0,5.47046970435608,5.97974007920069,0.0400901225955949,4462290.0
"Congo, Rep.",2009,,2410.0,7.26428280496805,4.87224031469532,0.0413756236340872,4281219.0
"Congo, Rep.",2008,,2090.0,2.86698415150693,3.2133016767847,0.0427810048915801,4113517.0
"Congo, Rep.",2007,,1650.0,-9.96945133776909,2.17001792231507,0.0442916481010842,3980430.0
"Congo, Rep.",2006,,1560.0,4.01799119733973,2.01041976164635,0.045869266169719,3837409.0
"Congo, Rep.",2005,47.3,1100.0,3.9415931821321,2.21035522374353,0.0474684370494949,3696393.0
Costa Rica,2022,47.2,13210.0,4.10345495842361,52.6621990605343,15.8409730759083,5081765.0
Costa Rica,2021,48.7,12630.0,7.38823226408623,56.589569581111,16.28856201058,5059988.0
Costa Rica,2020,49.2,11700.0,-4.93444227198336,60.1355330868076,17.1011755392484,5034320.0
Costa Rica,2019,48.2,12240.0,1.56255641347028,56.1781065050745,18.8545381125134,4999553.0
Costa Rica,2018,48.0,12070.0,1.69193410358987,60.304459465327,19.5754653156392,4957818.0
Costa Rica,2017,48.3,11580.0,3.17871970343413,59.6859060134447,20.4265064804822,4913177.0
Costa Rica,2016,48.7,11170.0,3.1560705780562,58.638053772552,21.4715498065871,4866998.0
Costa Rica,2015,48.4,10770.0,2.55664330007954,55.1272484302094,22.008151460415,4818038.0
Costa Rica,2014,48.6,10410.0,2.43499498820891,53.0984453119681,22.0041344187277,4767119.0
Costa Rica,2013,49.2,9990.0,1.36003489549176,49.7299243611404,22.2264048054795,4716147.0
Costa Rica,2012,48.4,9330.0,3.66596860469166,47.4513205823866,22.6913491655596,4663934.0
Costa Rica,2011,48.8,8130.0,3.18309278796906,46.0200427541641,22.7616703625001,4609833.0
Costa Rica,2010,48.0,7290.0,4.06134325895124,44.3141331651118,19.969542855501,4555962.0
Costa Rica,2009,50.6,6570.0,-2.18936686159658,47.6533510789576,19.8903948433785,4499791.0
Costa Rica,2008,48.6,6440.0,3.32734114862421,49.3806062420387,20.2959684255709,4440056.0
Costa Rica,2007,49.3,5710.0,6.75979498090572,43.7723776439847,20.5746430650479,4380248.0
Costa Rica,2006,49.3,5090.0,5.83402547469416,37.8629840925685,18.4731734883749,4321340.0
Costa Rica,2005,47.5,4670.0,2.48427897192691,35.8602191338169,17.8815589398535,4261240.0
Cote d'Ivoire,2022,,2440.0,3.75602084648943,,4.19885052219563,30395002.0
Cote d'Ivoire,2021,35.3,2300.0,4.44709198559022,,4.73960023535429,29639736.0
Cote d'Ivoire,2020,,2120.0,-1.81621061689408,,4.87074329411075,28915449.0
Cote d'Ivoire,2019,,2120.0,3.96244737490909,,4.99623654495892,28193009.0
Cote d'Ivoire,2018,37.2,2010.0,2.05334874793748,,5.04372449998085,27464173.0
Cote d'Ivoire,2017,,1870.0,4.42161228468103,,5.18797210369442,26733372.0
Cote d'Ivoire,2016,,1880.0,4.10858359182184,,5.05109882536806,25989405.0
Cote d'Ivoire,2015,41.5,1880.0,4.14232947521536,16.4825770100508,4.93064810438002,25246342.0
Cote d'Ivoire,2014,,1860.0,6.75169825092141,14.2799210358795,4.64996028933913,24527395.0
Cote d'Ivoire,2013,,1240.0,8.5732243032672,13.3948871014618,4.46128440139345,23939775.0
Cote d'Ivoire,2012,,1140.0,5.39583595248281,12.435371681253,4.49694232273727,23467078.0
Cote d'Ivoire,2011,,1020.0,-7.40424970030114,11.8672901891354,4.24338290757093,22982000.0
Cote d'Ivoire,2010,,1120.0,4.5193074547668,11.8300920796519,4.20243919040897,22488065.0
Cote d'Ivoire,2009,,1080.0,1.32618518113594,11.8211200151094,2.6559774856434,21997940.0
Cote d'Ivoire,2008,43.2,1000.0,2.42600024388695,11.2114704667947,2.39626574498031,21514439.0
Cote d'Ivoire,2007,,880.0,-1.22415870474471,11.1273416754762,1.79212223297699,21030558.0
Cote d'Ivoire,2006,,850.0,0.421959618326611,9.76765137157879,1.55800138831063,20546802.0
Cote d'Ivoire,2005,,850.0,-1.38664840401142,9.3846686649656,1.44500498863889,20068458.0
Croatia,2022,30.0,19370.0,7.94395699321689,50.5435072421278,26.2329644215797,3855641.0
Croatia,2021,28.9,17420.0,13.6550314478241,52.8751591525322,26.8721238195406,3878981.0
Croatia,2020,29.5,15130.0,-7.48668905832953,59.1478598534047,26.9779719244824,3914206.0
Croatia,2019,28.9,15800.0,4.12969919836404,52.9254641849064,28.2518933070834,3949390.0
Croatia,2018,29.7,14670.0,4.26899051902303,54.2738253140054,29.9556314304755,3988775.0
Croatia,2017,30.4,13350.0,4.95688757968964,55.9835191050696,32.1868898668147,4041407.0
Croatia,2016,30.9,13080.0,4.59659233874163,58.9918174775171,32.6901657410978,4106867.0
Croatia,2015,31.1,13580.0,3.54911571283303,63.1797743200448,33.4449555248815,4151725.0
Croatia,2014,32.1,13810.0,0.207342945184919,66.7470980936866,33.7742301795254,4201598.0
Croatia,2013,32.0,13940.0,0.490141287616666,67.9137838519632,34.500080876787,4233922.0
Croatia,2012,32.5,13520.0,-1.77266552955663,69.2341449755896,35.4440879839584,4260368.0
Croatia,2011,32.3,13970.0,0.234570646490468,,35.779997055031,4280622.0
Croatia,2010,32.4,13890.0,-1.11200189628147,,36.1189649854947,4295427.0
Croatia,2009,32.6,13960.0,-6.71438804670143,,36.6667380775423,4305181.0
Croatia,2008,33.7,13990.0,1.9849846109197,,35.3795708798663,4309705.0
Croatia,2007,,12510.0,5.07223492239181,,33.7188540650196,4310217.0
Croatia,2006,,11240.0,5.04436508593906,,31.8235032690039,4311159.0
Croatia,2005,,10200.0,4.19285967819518,,31.765647965355,4310145.0
Cuba,2022,,,2.34839091134221,,,11059820.0
Cuba,2021,,,1.74778827156759,,,11122168.0
Cuba,2020,,,-10.7383538682124,,,11176354.0
Cuba,2019,,9010.0,0.0532186639248664,,,11202846.0
Cuba,2018,,8710.0,2.43656837458022,,,11227118.0
Cuba,2017,,8010.0,1.97075471516408,,,11247829.0
Cuba,2016,,7530.0,0.597183645134152,,,11265612.0
Cuba,2015,,7270.0,4.53753785531039,,,11275065.0
Cuba,2014,,6850.0,1.15852883229009,,,11285775.0
Cuba,2013,,6640.0,2.79314623294214,,,11298167.0
Cuba,2012,,6090.0,3.00028175038565,,,11303175.0
Cuba,2011,,5590.0,2.76444210196216,,,11301571.0
Cuba,2010,,5170.0,2.36597236588088,,,11297409.0
Cuba,2009,,5080.0,1.42474509664487,,,11294719.0
Cuba,2008,,5030.0,4.07542754472641,,,11291762.0
Cuba,2007,,4740.0,7.17925242550075,,,11287272.0
Cuba,2006,,4410.0,11.9069237505458,,,11278550.0
Cuba,2005,,3960.0,10.9666851161532,,,11262554.0
Curacao,2022,,20480.0,7.34318774336195,,,153321.0
Curacao,2021,,17950.0,5.2218404810947,,,153948.0
Curacao,2020,,16190.0,-17.4108334756387,,,155482.0
Curacao,2019,,19140.0,-2.04109605237927,,,157441.0
Curacao,2018,,18820.0,-1.58863061888974,,,159336.0
Curacao,2017,,18230.0,-1.591163940253,,,160175.0
Curacao,2016,,18260.0,-2.1111613286577,,,159664.0
Curacao,2015,,18780.0,-0.858779715385708,,,157980.0
Curacao,2014,,18980.0,-1.96746748586641,,,155909.0
Curacao,2013,,19020.0,-1.75580756838953,,,153822.0
Curacao,2012,,19330.0,-1.17256148626109,,,152088.0
Curacao,2011,,19420.0,-0.909566558660117,,,150831.0
Curacao,2010,,19540.0,-1.17626862745298,,,148703.0
Curacao,2009,,19100.0,-1.17689651776027,,,146833.0
Curacao,2008,,19020.0,0.910342294763453,,,145880.0
Curacao,2007,,18390.0,0.466173824147887,,,144056.0
Curacao,2006,,17930.0,-0.940961791444465,,,141239.0
Curacao,2005,,17910.0,-1.85843997498654,,,137658.0
Cyprus,2022,31.5,31810.0,6.27933971497492,70.8069403957086,21.8602710483521,1331370.0
Cyprus,2021,31.3,29570.0,9.74651161533515,87.3952443793853,27.4550507248803,1317309.0
Cyprus,2020,31.7,26780.0,-4.51403585865228,106.473520309929,29.919467568163,1302247.0
Cyprus,2019,31.2,28380.0,4.46826562163456,106.684140672815,34.5949004984767,1286671.0
Cyprus,2018,32.7,27120.0,5.05105337795295,135.318599181494,40.8479566738037,1270737.0
Cyprus,2017,31.4,24600.0,4.85340888107815,191.783932232274,48.7997239611574,1254275.0
Cyprus,2016,32.9,24400.0,6.01835711404337,216.242757371797,33.2270862431904,1237112.0
Cyprus,2015,34.0,25650.0,3.19512275980128,243.416337343981,35.0425882917592,1219502.0
Cyprus,2014,35.6,26350.0,-1.48883694697456,251.830384825679,36.69761972345,1201801.0
Cyprus,2013,37.0,27820.0,-6.48031760121023,254.66806457038,38.0881782281011,1183895.0
Cyprus,2012,34.3,29760.0,-4.90738549673117,249.218122126626,50.600741523341,1165397.0
Cyprus,2011,32.6,32680.0,-2.1129375771815,242.541120297858,53.938562406393,1146493.0
Cyprus,2010,31.5,32170.0,-0.357614019094044,234.2515929319,56.4975364942106,1127816.0
Cyprus,2009,32.1,32820.0,-4.61048255739776,226.355979301383,58.9976291895405,1109371.0
Cyprus,2008,31.7,31970.0,1.07674041142521,212.209238098344,60.0817245465114,1091026.0
Cyprus,2007,31.1,27340.0,2.88426389868701,180.680730068928,59.7496694881788,1072714.0
Cyprus,2006,31.1,25600.0,2.98125084368819,162.937571285187,59.9827916296421,1054418.0
Cyprus,2005,30.3,23990.0,3.35375226035941,156.676015413795,62.1211482781246,1036151.0
Czechia,2022,25.9,27210.0,1.24409473190281,48.6347695390782,16.5781255034337,10672118.0
Czechia,2021,26.2,25500.0,5.93106968937249,52.0361206166061,17.7006413592823,10505772.0
Czechia,2020,26.2,22190.0,-5.53491969820153,51.9829906329751,18.3420193751344,10697858.0
Czechia,2019,25.3,22440.0,3.15874802851988,49.4401047128065,20.60383262471,10671870.0
Czechia,2018,25.0,20700.0,2.48698770067625,50.7185195587911,21.2987813815162,10629928.0
Czechia,2017,24.9,18350.0,4.8945501951199,50.2324425641548,21.3328324366388,10594438.0
Czechia,2016,25.4,17660.0,2.3840542545404,50.5721831167678,22.4150009288293,10566332.0
Czechia,2015,25.9,18340.0,4.75262406436026,49.2604496354432,23.7255650461546,10546059.0
Czechia,2014,25.9,19080.0,2.13762755318902,49.0926941934326,24.2719315757575,10525347.0
Czechia,2013,26.5,19600.0,-0.0749629946207335,50.2898649104068,24.35892921322,10514272.0
Czechia,2012,26.1,19650.0,-0.909418387644408,49.0549453111,23.8950679508322,10510785.0
Czechia,2011,26.4,19600.0,1.56218619113156,47.9331340018142,23.3474485187645,10496088.0
Czechia,2010,26.6,19420.0,2.41582948883936,45.8702955056247,22.652590459233,10474410.0
Czechia,2009,26.2,18790.0,-5.33917399896316,45.0769166431167,22.7431625925106,10443936.0
Czechia,2008,26.3,18480.0,1.76470872925512,43.2837473288349,22.7857447442098,10384603.0
Czechia,2007,26.0,15830.0,4.87504670244317,38.7111386653992,21.5438880261517,10298828.0
Czechia,2006,26.7,13990.0,6.33483268224242,33.8468188673217,21.8498687980449,10238905.0
Czechia,2005,26.9,12480.0,6.22798628216121,29.198511293775,21.3683359152928,10211216.0
Denmark,2022,29.3,72040.0,-0.344058639271637,143.406000566119,17.5377485405727,5903037.0
Denmark,2021,28.3,69810.0,6.03966577353796,155.229321090433,17.4949689235177,5856733.0
Denmark,2020,27.5,62710.0,-2.06613837683189,163.53675512979,18.6577022312646,5831404.0
Denmark,2019,27.7,63020.0,1.34779245340653,161.898678914292,19.9939606719616,5814422.0
Denmark,2018,28.2,61090.0,1.35619600199787,161.960223775062,20.8601364033776,5793636.0
Denmark,2017,28.7,56600.0,2.39559065097636,162.056089653455,20.7434951353695,5764980.0
Denmark,2016,28.2,57830.0,2.27180151789635,167.059346282627,24.0964714502951,5728010.0
Denmark,2015,28.2,60350.0,1.38566632188861,170.482608410684,24.7155226401176,5683483.0
Denmark,2014,28.4,63650.0,0.765766155124069,173.406264223471,27.8179699809679,5643475.0
Denmark,2013,28.5,63400.0,0.970845909690212,176.47778714251,30.0377950448412,5614932.0
Denmark,2012,27.8,61570.0,-0.380977125445526,182.294825006608,34.0870750100081,5591572.0
Denmark,2011,27.3,62050.0,0.894526404293345,187.071128261478,38.7192975406585,5570572.0
Denmark,2010,27.2,61290.0,1.13266938250023,192.829946750657,40.8888353474749,5547683.0
Denmark,2009,26.7,60300.0,-5.48158280998165,200.399182317735,45.816428841774,5523095.0
Denmark,2008,25.2,60620.0,-1.00055940971312,190.31686614058,50.4592842853333,5493621.0
Denmark,2007,26.2,55870.0,0.540321532272571,184.0374247006,51.8534927641012,5461438.0
Denmark,2006,25.9,53630.0,3.47585987311464,168.745502563994,50.5030305207778,5437272.0
Denmark,2005,25.2,49750.0,2.07801485327876,157.138147842747,50.1708896290349,5419432.0
Djibouti,2022,,3310.0,3.70080389886223,19.8343292529775,9.35662320750171,1137096.0
Djibouti,2021,,2990.0,2.91169899255628,18.5968581486669,8.36196872101075,1121248.0
Djibouti,2020,,2780.0,-0.306867602824667,21.153639250123,7.99867755197807,1105188.0
Djibouti,2019,,2780.0,3.91378440928256,22.3514833157846,8.85722695213282,1088709.0
Djibouti,2018,,2600.0,3.10861540140996,21.6332373941692,7.39467471802571,1071882.0
Djibouti,2017,41.6,2450.0,3.73971530980459,21.1727542584921,6.86377129914031,1054841.0
Djibouti,2016,,2370.0,5.33331529745931,20.4371265619881,5.57088363010505,1037653.0
Djibouti,2015,,2280.0,5.45836831293627,21.7028460975101,5.71147721346045,1020313.0
Djibouti,2014,,,5.28018025983934,22.1377018857024,5.08527074443741,1002717.0
Djibouti,2013,44.1,,,22.1463874057357,4.58121386370099,984824.0
Djibouti,2012,45.1,,,28.9308988431593,4.85739497907272,966747.0
Djibouti,2011,,,,30.9088339588642,4.64764231744725,948558.0
Djibouti,2010,,,,33.1101651364158,4.08671324384567,930251.0
Djibouti,2009,,,,29.3471303326915,3.32225913621263,911527.0
Djibouti,2008,,,,24.3356079532783,2.87571690723836,892734.0
Djibouti,2007,,,,22.5217826972719,2.21656178019465,874528.0
Djibouti,2006,,,,20.1829119250613,2.2798561410775,855764.0
Djibouti,2005,,,,20.0751157306315,1.94649854109934,839167.0
Dominica,2022,,9740.0,11.0179611001056,45.8489422030946,13.6848047349424,66826.0
Dominica,2021,,8660.0,5.96160559948913,49.3802060716119,13.7862103431043,67202.0
Dominica,2020,,8230.0,-15.323436855213,50.7542625074397,13.9115918338956,67573.0
Dominica,2019,,9350.0,4.3983147374291,38.3560218453579,15.8258453639065,67880.0
Dominica,2018,,8880.0,3.45033107598908,41.653873816514,16.0093921767437,68174.0
Dominica,2017,,8070.0,-6.04609004192379,47.2243698473433,16.1603102779573,68496.0
Dominica,2016,,8000.0,2.6190351438682,44.1506480003869,18.1149575204246,69606.0
Dominica,2015,,7510.0,-3.42415928778391,47.5724320136163,20.0799547288293,70410.0
Dominica,2014,,7670.0,1.37836503321573,48.813726061265,20.3379802536701,70373.0
Dominica,2013,,7440.0,-0.851878257402049,52.6516931770331,22.4286488608115,69715.0
Dominica,2012,,7530.0,-0.2512858516139,55.2126750939529,22.5360576923077,69118.0
Dominica,2011,,7510.0,-0.238324807305119,52.3689632609876,22.6984697448314,69053.0
Dominica,2010,,7250.0,-0.0983573113798997,50.4433536142261,22.8445239772316,68859.0
Dominica,2009,,7080.0,-1.15010790521457,46.398284692243,23.0180499875319,68864.0
Dominica,2008,,6880.0,7.11042175462228,46.7316610211341,23.2261061433051,68854.0
Dominica,2007,,6280.0,5.29519443966164,46.5457044101112,23.4553663923692,68847.0
Dominica,2006,,6070.0,4.29152770069501,47.2177383513182,23.6952787157159,68806.0
Dominica,2005,,5670.0,0.790489438557572,45.2101842127672,23.9320330262056,68734.0
Dominican Republic,2022,37.0,9150.0,4.2328919676722,27.9657954725609,10.8370437277769,11230734.0
Dominican Republic,2021,38.5,8160.0,12.8319080410071,27.7700298032382,11.1068942610046,11123476.0
Dominican Republic,2020,39.6,7080.0,-8.88467221699831,30.6276284346111,11.5811890338952,11008300.0
Dominican Republic,2019,41.9,7940.0,3.81572682273033,28.0978072005075,12.1970197213191,10894043.0
Dominican Republic,2018,43.7,7600.0,5.95314205477773,27.3911536580126,12.4264611468783,10782053.0
Dominican Republic,2017,42.2,6920.0,2.80931921775627,27.5827678514226,12.6388866650165,10666843.0
Dominican Republic,2016,45.7,6750.0,5.54040978660888,26.9063969746819,12.5811812716322,10551430.0
Dominican Republic,2015,45.2,6470.0,5.76452490966611,26.0392720542651,12.552729589018,10434829.0
Dominican Republic,2014,44.3,6230.0,5.84760695663518,25.2661648516991,11.5613794322234,10315528.0
Dominican Republic,2013,47.7,5940.0,3.66423400861591,23.4371404845689,11.654886090628,10193833.0
Dominican Republic,2012,46.1,5700.0,1.50210074555162,22.5374088267045,10.4873993967397,10070411.0
Dominican Republic,2011,47.7,5460.0,1.89038252427819,22.9374372388722,10.6598273832137,9945621.0
Dominican Republic,2010,47.3,5260.0,7.02231182986095,22.7350961859087,10.2372338817039,9820175.0
Dominican Republic,2009,48.9,4860.0,-0.268926599782176,21.5664624818529,10.2068779325044,9695265.0
Dominican Republic,2008,48.1,4700.0,2.00088270726057,20.7401125439887,10.0538694293556,9573130.0
Dominican Republic,2007,48.9,4380.0,6.11794398001162,20.7082666024064,9.9250851447265,9455658.0
Dominican Republic,2006,52.0,3590.0,7.81376318948548,18.6926214053015,9.91722781913145,9341183.0
Dominican Republic,2005,50.0,3000.0,8.00660714348427,19.6494366342449,9.94002310445305,9225034.0
Ecuador,2022,45.5,6550.0,5.0282959697896,52.3799487703168,8.92644541691696,17823897.0
Ecuador,2021,45.8,6100.0,8.57789544186942,49.7533981232754,9.15384210093753,17682454.0
Ecuador,2020,47.3,5410.0,-10.3108339169142,49.0557050652741,9.57509028660457,17546065.0
Ecuador,2019,45.7,6100.0,-1.51253154807527,42.6915820194147,9.6500069514768,17340021.0
Ecuador,2018,45.4,6120.0,-0.674558960176682,38.3374947486699,9.45566177802741,17049547.0
Ecuador,2017,44.7,5930.0,4.36195467405905,34.2208461040213,9.68465788779608,16759519.0
Ecuador,2016,45.0,5750.0,-2.12550882201938,31.5046558000332,10.9607683634781,16505139.0
Ecuador,2015,46.0,5970.0,-1.30274985042635,29.9362613682185,11.5164613637073,16266225.0
Ecuador,2014,45.0,6190.0,2.74412306472649,29.208430980274,11.5811124942872,16035124.0
Ecuador,2013,46.9,5880.0,5.61780573490684,28.5522332055412,11.9670388887905,15807128.0
Ecuador,2012,46.1,5320.0,4.11233799510666,28.44437278344,12.9305291090884,15572194.0
Ecuador,2011,45.9,4770.0,6.71524931054121,27.5915486903939,12.6833757344841,15326227.0
Ecuador,2010,48.8,4290.0,2.2990259381485,27.0843336858919,12.307924898399,15076695.0
Ecuador,2009,48.5,3970.0,-0.618743696364604,24.8896332211154,11.9639740654347,14825954.0
Ecuador,2008,49.8,3770.0,4.76318326284088,23.9648755618427,11.9985167683075,14575202.0
Ecuador,2007,53.4,3210.0,0.176823126136227,23.3804598593846,11.9190191934624,14328773.0
Ecuador,2006,52.3,3000.0,2.56360111087805,22.3312165490477,11.0677720829962,14086131.0
Ecuador,2005,53.1,2750.0,3.59103374682795,21.9843010481258,10.6278743445509,13846163.0
"Egypt, Arab Rep.",2022,,4040.0,5.01555864991792,30.847002116672,6.26294121998176,112618250.0
"Egypt, Arab Rep.",2021,28.5,3470.0,1.76220484283698,28.2307543894277,6.39508131575558,110957008.0
"Egypt, Arab Rep.",2020,,2960.0,1.88111975917718,25.7894742547866,6.36705169728322,109315124.0
"Egypt, Arab Rep.",2019,31.9,2640.0,3.71584088573542,22.8487308972761,6.26843964219184,107553158.0
"Egypt, Arab Rep.",2018,,2710.0,3.35166753247044,24.2952790707642,4.70654380762638,105682094.0
"Egypt, Arab Rep.",2017,31.5,2880.0,2.12015477172733,27.0698246737254,4.60008311762257,103696057.0
"Egypt, Arab Rep.",2016,,3200.0,2.24497375649698,34.1348626252639,4.47941217085687,101644589.0
"Egypt, Arab Rep.",2015,31.8,3100.0,2.20415858015615,26.3163937603049,4.373316646123,99597342.0
"Egypt, Arab Rep.",2014,,3000.0,0.599558564006458,25.6066805392918,4.32763176873513,97528654.0
"Egypt, Arab Rep.",2013,,2810.0,-0.14323388107762,26.2224394958043,4.34137818262141,95333553.0
"Egypt, Arab Rep.",2012,28.3,2630.0,-0.0429670178954922,27.3884497295039,4.36250685662818,93161001.0
"Egypt, Arab Rep.",2011,,2380.0,-0.354646267702748,31.1549232899382,4.41874298480481,91093059.0
"Egypt, Arab Rep.",2010,30.2,2200.0,3.14977851168294,33.0722952214189,4.41651596945008,89196072.0
"Egypt, Arab Rep.",2009,,1970.0,2.7155259206418,36.0927133507004,4.39640208566439,87501636.0
"Egypt, Arab Rep.",2008,31.1,1710.0,5.17381069878276,42.7975137803462,4.28192003520618,85864789.0
"Egypt, Arab Rep.",2007,,1420.0,5.0854672784842,45.5152215665951,4.0557799670087,84276225.0
"Egypt, Arab Rep.",2006,,1230.0,4.77751297935043,49.2909797353084,3.77581726821277,82700403.0
"Egypt, Arab Rep.",2005,,1130.0,2.38032461797421,51.1654340531105,3.67135319500042,81101004.0
El Salvador,2022,38.8,4710.0,2.55237486650837,62.6134049968434,9.09865930197202,6280319.0
El Salvador,2021,39.0,4380.0,11.5271594106656,61.139568580911,9.27991883164329,6255782.0
El Salvador,2020,,3800.0,-8.07562588564387,65.3332227111145,9.43814852334899,6234673.0
El Salvador,2019,38.8,4130.0,2.39613321946494,59.0743132128325,10.5818686065172,6222318.0
El Salvador,2018,38.6,3940.0,2.30913946286621,57.2770156356153,15.190599586894,6219807.0
El Salvador,2017,38.0,3700.0,2.0380895055328,56.0486779897987,15.0670549741349,6213533.0
El Salvador,2016,40.0,3600.0,2.25589267443243,55.0597980078069,13.4457310800621,6200800.0
El Salvador,2015,40.6,3520.0,2.05686593954016,54.0918954267897,11.6276751214129,6183676.0
El Salvador,2014,41.6,3480.0,1.33132680650547,53.2701980017235,11.8404613515546,6162955.0
El Salvador,2013,43.4,3410.0,1.76908303690966,51.504185703808,11.9103951997888,6138839.0
El Salvador,2012,41.8,3280.0,2.48637921457058,49.2960792034564,11.2173926022112,6113975.0
El Salvador,2011,42.3,3120.0,3.40079170641816,49.9977176790519,11.6388878900683,6090127.0
El Salvador,2010,43.5,2940.0,1.81801613607789,52.3104277458922,10.799384867038,6068249.0
El Salvador,2009,45.8,2870.0,-2.41599153160278,54.5525792579328,11.8322047292787,6048279.0
El Salvador,2008,46.9,2910.0,1.82447186659891,51.0548677298855,,6029297.0
El Salvador,2007,45.2,2730.0,1.72041607620905,51.5342970603847,,6009824.0
El Salvador,2006,45.7,2600.0,4.39364908718933,50.2764169762417,,6002319.0
El Salvador,2005,48.5,2430.0,2.66532259162382,49.9239191050969,,6005578.0
Equatorial Guinea,2022,38.5,4570.0,0.661786258781987,8.08192941445443,5.7269599064273,1803545.0
Equatorial Guinea,2021,,4820.0,-1.56652040015599,10.4542771122938,5.89503637936857,1758786.0
Equatorial Guinea,2020,,4790.0,-7.35874657366674,12.8708903076884,5.94328669902684,1716468.0
Equatorial Guinea,2019,,5130.0,-8.52391282041842,15.2395082821309,5.79368172672783,1670177.0
Equatorial Guinea,2018,,5450.0,-9.37041905185943,14.1882491471457,5.88514806596597,1616422.0
Equatorial Guinea,2017,,5260.0,-8.94053555047577,14.1214330973783,4.9612011519007,1562396.0
Equatorial Guinea,2016,,6660.0,-12.0971098998986,14.9468582596128,,1508186.0
Equatorial Guinea,2015,,8720.0,-12.4917142663428,12.5262525944721,4.35856985637302,1453923.0
Equatorial Guinea,2014,,10610.0,-3.43058595312914,8.10847678929606,3.90060748815977,1399828.0
Equatorial Guinea,2013,,11220.0,-7.8885603944365,6.863157222794,3.40641401555945,1346218.0
Equatorial Guinea,2012,,11060.0,3.98800386782088,4.83204994072443,3.41624328024947,1293483.0
Equatorial Guinea,2011,,9170.0,1.99905762799257,6.4064820440112,2.85500975699584,1241835.0
Equatorial Guinea,2010,,7920.0,-13.0151718370352,6.07828531496565,2.83968625950548,1189085.0
Equatorial Guinea,2009,,9950.0,-3.22046029526918,5.31752124002543,2.66661647153308,1135673.0
Equatorial Guinea,2008,,11310.0,12.5326733451216,4.10405482430278,2.63899678537204,1084530.0
Equatorial Guinea,2007,,9200.0,10.1968975693747,2.80267296559979,2.60618012179548,1036044.0
Equatorial Guinea,2006,,6420.0,3.03105558195507,2.37293393091507,2.56673040713844,990343.0
Equatorial Guinea,2005,,3080.0,10.9012034435108,2.14853263799982,2.32498663132687,947367.0
Eritrea,2022,,,,,,3409447.0
Eritrea,2021,,,,,,3350183.0
Eritrea,2020,,,,,,3291271.0
Eritrea,2019,,,,,,3240194.0
Eritrea,2018,,,,,,3192760.0
Eritrea,2017,,,,,,3150347.0
Eritrea,2016,,,,,,3124698.0
Eritrea,2015,,,,,,3105546.0
Eritrea,2014,,,,53.241077381173,,3095173.0
Eritrea,2013,,,,33.9868058928029,,3074360.0
Eritrea,2012,,,,16.1597177482946,,3036988.0
Eritrea,2011,,650.0,6.74798297853228,17.5647022127032,,2998485.0
Eritrea,2010,,550.0,0.205918877679608,21.2805376775865,,2945186.0
Eritrea,2009,,520.0,1.3025781558331,16.7680727471697,,2887885.0
Eritrea,2008,,440.0,-12.1248431632963,22.060976369261,,2816327.0
Eritrea,2007,,450.0,-0.04176960463559,20.7357490413301,,2743222.0
Eritrea,2006,,440.0,-2.51821345546691,25.9882692375015,,2703502.0
Eritrea,2005,,410.0,0.14882340502966,27.5632390071943,,2661215.0
Estonia,2022,32.3,27580.0,-2.53754963208853,57.2271887161449,6.82898362551628,1348840.0
Estonia,2021,31.8,26490.0,8.14019436008853,59.2942307857999,7.46580123338634,1330932.0
Estonia,2020,30.7,23580.0,-3.07548007766944,62.4674951324135,7.9236020695008,1329522.0
Estonia,2019,30.8,23490.0,3.3419636171697,58.2395451990957,8.92834596528948,1326898.0
Estonia,2018,30.3,21600.0,3.33940936378892,60.7637234103393,9.67755648029984,1321977.0
Estonia,2017,30.4,19140.0,5.50685731354206,62.8595377411996,10.0637461252311,1317384.0
Estonia,2016,31.2,18640.0,3.06301090349199,68.4124027630138,10.4236157438292,1315790.0
Estonia,2015,32.7,18900.0,1.77141701957223,67.7220402662715,11.1337406653089,1315407.0
Estonia,2014,34.6,19210.0,3.59411590769302,66.2244826810727,12.3901392579301,1314545.0
Estonia,2013,35.1,18370.0,2.1192820000981,68.5688128478961,13.9569226336263,1317997.0
Estonia,2012,32.9,16910.0,4.04377186018716,72.2359626283806,16.0326600511791,1322696.0
Estonia,2011,32.5,15900.0,7.93414724975237,77.7273393268142,17.3706841644389,1327439.0
Estonia,2010,32.0,14580.0,2.68366165094633,92.8043492211177,19.4928664969015,1331475.0
Estonia,2009,31.4,14570.0,-14.4654981470721,101.383034984081,20.2846912317217,1334515.0
Estonia,2008,31.9,15190.0,-4.87057915292706,89.6688726260344,23.8132269734443,1337090.0
Estonia,2007,31.2,13430.0,8.06276601408268,83.7476130434748,24.0029994989155,1340680.0
Estonia,2006,33.7,11500.0,10.4117043601584,76.2245652785985,22.6135698881545,1346810.0
Estonia,2005,33.4,9730.0,10.1516023275001,56.5739087115337,20.8924197078195,1354775.0
Eswatini,2022,,3650.0,-0.628894036514311,21.3428907072988,6.11650411207474,1218917.0
Eswatini,2021,,3620.0,3.03852368946784,20.823247149558,6.19650671933697,1206593.0
Eswatini,2020,,3430.0,-3.9978006899122,20.9643539991261,6.4284720964953,1192729.0
Eswatini,2019,,3680.0,5.4445627805287,20.2233785743064,6.26762770291445,1179874.0
Eswatini,2018,,3460.0,-0.853481330729949,20.9890102465224,6.63161385059921,1168929.0
Eswatini,2017,,3290.0,2.74440888521023,20.6352761067432,6.1770507465309,1158195.0
Eswatini,2016,54.6,3270.0,2.34965752297238,21.5801659225305,6.95777050768068,1149507.0
Eswatini,2015,,3540.0,1.12454682394791,21.25805436914,7.6143205628957,1142813.0
Eswatini,2014,,3890.0,1.49073514248317,21.8445673382862,6.56752558479532,1136299.0
Eswatini,2013,,4120.0,3.53016648859264,21.4745583840623,6.64139088050405,1129990.0
Eswatini,2012,,4010.0,3.53199247160502,19.7488163303886,6.85397961013981,1123863.0
Eswatini,2011,,3620.0,1.27643647351354,22.8407822139502,6.9188667190734,1117833.0
Eswatini,2010,,3260.0,3.21763655344279,19.468556789438,6.09217912789713,1111650.0
Eswatini,2009,51.4,3120.0,0.784947122409747,20.9217751980064,6.00757555277205,1105153.0
Eswatini,2008,,3160.0,0.758242258979109,20.6739096803303,6.08529761669319,1098091.0
Eswatini,2007,,3250.0,3.71813879735403,21.6983255351644,6.01649445094089,1090705.0
Eswatini,2006,,3090.0,6.19597048349081,19.5207280679882,6.10164400192749,1084436.0
Eswatini,2005,,2880.0,5.4163606626928,17.6107810983513,6.02746939869648,1079022.0
Ethiopia,2022,,960.0,2.59539967644373,,12.0471750945074,125384287.0
Ethiopia,2021,31.1,880.0,2.85565763078523,,,122138588.0
Ethiopia,2020,,820.0,3.22311599492807,,,118917671.0
Ethiopia,2019,,790.0,5.48664148021712,,,115737383.0
Ethiopia,2018,,730.0,3.97407545942133,,,112664152.0
Ethiopia,2017,,670.0,6.61862070026751,,,109666481.0
Ethiopia,2016,,620.0,6.5099145630674,,,106718162.0
Ethiopia,2015,35.0,570.0,7.4680767605293,,,103867135.0
Ethiopia,2014,,530.0,7.33861859355025,,,101115610.0
Ethiopia,2013,,450.0,7.61661454720691,,,98438751.0
Ethiopia,2012,,400.0,5.64374376946701,,2.90120134922528,95798767.0
Ethiopia,2011,,380.0,8.06141676362226,,1.88152362283383,93149970.0
Ethiopia,2010,33.2,370.0,9.4043448666486,,1.35279781542945,90538514.0
Ethiopia,2009,,330.0,5.7563855983106,,1.30723560831955,88007636.0
Ethiopia,2008,,270.0,7.62786742867665,17.7101483486321,1.18712222080342,85543668.0
Ethiopia,2007,,210.0,8.23770708038126,18.5250760306452,1.07206896345392,83103217.0
Ethiopia,2006,,180.0,7.62653694970021,20.4493250657558,0.935635456165901,80703490.0
Ethiopia,2005,,160.0,8.5508986289875,18.8657892604975,0.913916684494506,78367470.0
Faroe Islands,2022,,72960.0,2.67428116616695,,,53912.0
Faroe Islands,2021,,70040.0,3.62528832707658,,,53296.0
Faroe Islands,2020,,64200.0,-3.08380364431427,,,52565.0
Faroe Islands,2019,,66010.0,2.93184025686803,,,51792.0
Faroe Islands,2018,,62910.0,1.11936120181572,,,50996.0
Faroe Islands,2017,,57920.0,2.03503874879401,,,50180.0
Faroe Islands,2016,,57410.0,0.228366463809365,,,49464.0
Faroe Islands,2015,,57670.0,-0.0144355164052712,,,48899.0
Faroe Islands,2014,,60430.0,5.03591158487879,,,48428.0
Faroe Islands,2013,,59530.0,5.95487801988345,,,48246.0
Faroe Islands,2012,,56500.0,7.64027356784398,,,48291.0
Faroe Islands,2011,,53420.0,3.80958187983906,,,48543.0
Faroe Islands,2010,,49050.0,-0.105466831279102,,,48657.0
Faroe Islands,2009,,,-5.0306197804414,,,48791.0
Faroe Islands,2008,,,,,,48547.0
Faroe Islands,2007,,,,,,48378.0
Faroe Islands,2006,,,,,,48335.0
Faroe Islands,2005,,,,,,48359.0
Fiji,2022,,5250.0,17.3979446832272,118.381851673369,10.2445587081009,919422.0
Fiji,2021,,4380.0,-4.52835673234897,139.163957696995,10.3456669912366,916711.0
Fiji,2020,,4560.0,-17.1893281212242,130.050824259717,10.4329521725856,914963.0
Fiji,2019,30.7,5570.0,-0.33408046448406,104.113881166689,10.9556911729533,914899.0
Fiji,2018,,5690.0,3.99107263181943,92.7963247404047,11.4525200186955,917180.0
Fiji,2017,,5120.0,5.40003492628165,86.2066812169131,11.6440100107435,918759.0
Fiji,2016,,5010.0,2.38011625327333,84.4251449377182,11.8379877912963,919166.0
Fiji,2015,,4820.0,4.38823265794895,78.765928937683,12.1884903148381,918578.0
Fiji,2014,,4740.0,5.4616102411598,72.5969759825959,12.0744160373335,917585.0
Fiji,2013,36.7,4460.0,4.57032082317075,74.8887465351046,10.8650637810737,916352.0
Fiji,2012,,3910.0,1.19750021980838,76.8012555942269,10.2856401386821,914918.0
Fiji,2011,,3570.0,2.41603525489221,75.3880732634198,10.6652064354174,912989.0
Fiji,2010,,3450.0,2.59506233236984,83.4615495494888,10.8976803966756,910419.0
Fiji,2009,,3620.0,-1.80343336104428,89.605567220233,10.9775331868586,907239.0
Fiji,2008,40.4,3730.0,0.410201583535269,85.9113508881265,11.231912957558,903399.0
Fiji,2007,,3510.0,-1.67524974022302,78.7496782773846,10.8604969170999,897832.0
Fiji,2006,,3350.0,0.938932759583992,79.0666889707575,10.1745689151908,890365.0
Fiji,2005,,3320.0,-0.214469573875704,69.1915847943941,9.31059291548521,882379.0
Finland,2022,27.9,54120.0,0.489394588644501,96.1977943524903,5.96212459567353,5556106.0
Finland,2021,27.7,52810.0,2.46373050011893,100.140293611616,6.14581850672402,5541017.0
Finland,2020,27.1,49630.0,-2.63099855258851,101.738251257472,4.00982686339549,5529543.0
Finland,2019,27.7,49590.0,1.23812097519217,95.9193855390369,4.47800363708622,5521606.0
Finland,2018,27.3,47900.0,1.05884315705418,94.8815247622949,4.79568751040956,5515525.0
Finland,2017,27.4,44520.0,3.06123169296772,94.0317570514361,6.4559737254868,5508214.0
Finland,2016,27.1,45160.0,2.27754373131673,94.7843702628907,7.30406836607991,5495303.0
Finland,2015,27.1,46860.0,0.136127693741741,94.9850612773084,8.48752889632669,5479531.0
Finland,2014,26.8,49210.0,-0.888801631577977,93.3662043671516,9.41810769189997,5461512.0
Finland,2013,27.2,49390.0,-1.43490157636175,93.313414939778,14.1011237561698,5438972.0
Finland,2012,27.1,48820.0,-1.99029082999297,92.0754773478126,15.4959693900446,5413971.0
Finland,2011,27.6,50200.0,1.91685338301681,89.5337836128608,17.0225286277375,5388272.0
Finland,2010,27.7,49750.0,2.69737665062684,88.1332149861544,15.5072190126549,5363352.0
Finland,2009,27.5,48950.0,-8.51460466433139,86.308636201062,14.9692489819899,5338871.0
Finland,2008,27.8,50160.0,0.316320525705208,80.1053265586632,16.016200794295,5313399.0
Finland,2007,28.3,46190.0,4.86572137220107,76.2828840098579,16.0789059784834,5288720.0
Finland,2006,28.0,42830.0,3.62113497225309,73.4138990286994,16.9408299677093,5266268.0
Finland,2005,27.6,40230.0,2.42615653951086,69.2547338248333,14.416268008802,5246096.0
France,2022,31.2,46010.0,2.20208858513766,119.290366998126,32.147659835862,68184457.0
France,2021,31.5,44300.0,6.50155219757207,120.721909947613,33.0926074894023,67842811.0
France,2020,30.7,39690.0,-7.74056751254994,125.397439701102,33.4315043850287,67601110.0
France,2019,31.2,42720.0,1.68870844116209,106.913030586051,34.061031093692,67382061.0
France,2018,32.4,40960.0,1.28216603702126,104.624051971951,34.7067891930001,67158348.0
France,2017,31.6,38120.0,1.78779549384231,101.617830234188,35.9148361933392,66918020.0
France,2016,31.9,39020.0,0.594243752389232,97.4904687619857,37.1103115444131,66724104.0
France,2015,32.7,41130.0,0.708030590350688,94.9454202268228,37.5276548804631,66548272.0
France,2014,32.3,43470.0,0.519383764691739,93.9159081503646,37.9812435829623,66312067.0
France,2013,32.5,43950.0,0.26214454973659,95.8769626871841,38.5533173666319,65997932.0
France,2012,33.1,43500.0,-0.299598729272304,96.5785492959372,38.9200420131366,65657659.0
France,2011,33.3,44610.0,1.94433505424516,96.6491919516285,41.3024778639176,65340830.0
France,2010,33.7,44040.0,1.49872466177408,95.8471452301569,41.494108645938,65026211.0
France,2009,32.7,44090.0,-3.32212444604225,95.0966407247871,41.8302142576022,64706436.0
France,2008,33.0,43580.0,-0.178410661195599,92.6357426084034,44.4469412667536,64375116.0
France,2007,32.4,40200.0,1.89856745333175,88.974306564356,44.7820701448586,64016890.0
France,2006,29.7,37920.0,2.00131130247657,84.3572835148986,45.8016171607983,63622342.0
France,2005,29.8,35870.0,1.1253537135494,80.324329471898,21.9693010077794,63180854.0
French Polynesia,2022,,24150.0,2.7222043522178,,,280378.0
French Polynesia,2021,,23460.0,3.1505198503273,,,279792.0
French Polynesia,2020,,22170.0,-10.6298635700059,,,279209.0
French Polynesia,2019,,24530.0,2.97688844901971,,,279034.0
French Polynesia,2018,,23700.0,1.90583847677253,,,279815.0
French Polynesia,2017,,22220.0,3.95416021395157,,,280087.0
French Polynesia,2016,,22170.0,1.82142796079958,,,279178.0
French Polynesia,2015,,23060.0,1.26147120448255,,,277866.0
French Polynesia,2014,,23990.0,-0.0102536380222915,,,276387.0
French Polynesia,2013,,24290.0,-0.201995117223149,,,274728.0
French Polynesia,2012,,24050.0,-1.41984532236675,,,273084.0
French Polynesia,2011,,25270.0,-3.37156943541497,,,271727.0
French Polynesia,2010,,26220.0,-2.86221244709949,,,270580.0
French Polynesia,2009,,27530.0,-4.62302243249042,,,269481.0
French Polynesia,2008,,27720.0,-0.716512347599547,,,268379.0
French Polynesia,2007,,25940.0,0.477742673226714,,,266438.0
French Polynesia,2006,,25170.0,-0.534705152644719,,,263223.0
French Polynesia,2005,,24320.0,-1.17936718824801,,,259507.0
Gabon,2022,,7430.0,0.747533658794609,,,2430747.0
Gabon,2021,,7000.0,-0.845244789196116,,,2376722.0
Gabon,2020,,6820.0,-4.15528083293282,,,2322539.0
Gabon,2019,,6870.0,1.38257599119697,13.3764779657931,,2267706.0
Gabon,2018,,6540.0,-1.68804743568779,13.0826930691649,,2212318.0
Gabon,2017,38.0,6230.0,-2.16361774149249,10.2903622081637,,2156900.0
Gabon,2016,,6770.0,-0.79183198007,13.8289895507558,,2100306.0
Gabon,2015,,7610.0,0.693296575495864,14.5161472286238,,2040989.0
Gabon,2014,,8880.0,0.869784891054778,14.5417251249117,,1978399.0
Gabon,2013,,8870.0,1.98480609519432,15.012821298493,9.2888959496073,1913059.0
Gabon,2012,,8610.0,1.552307854364,11.3020956739669,8.95685239921505,1846889.0
Gabon,2011,,7680.0,3.35937600321799,9.52767161179321,5.28596105379409,1781985.0
Gabon,2010,,7420.0,3.45835073677657,8.20999683204116,4.72358654053378,1719879.0
Gabon,2009,,7170.0,-3.14683049052138,10.091112978373,4.29682904247211,1661556.0
Gabon,2008,,6920.0,-6.37298501256997,8.66117230938388,3.93152766414128,1607175.0
Gabon,2007,,6240.0,2.74524486560748,9.95222909903567,4.07977391436665,1556237.0
Gabon,2006,,5450.0,-5.6960834287439,9.55302311116021,4.00257537135322,1508337.0
Gabon,2005,42.2,5240.0,-0.262443845603784,8.46361766400408,4.03112024831701,1463495.0
"Gambia, The",2022,,830.0,3.07381399019251,9.62022046623071,5.84073863278692,2636470.0
"Gambia, The",2021,,760.0,2.79304588389131,8.87544997363302,5.90016386364185,2576010.0
"Gambia, The",2020,38.8,720.0,-1.7631871131438,8.15222243350758,5.9583318610711,2515733.0
"Gambia, The",2019,,720.0,3.74848295956672,8.2021724578564,6.15507937189562,2456844.0
"Gambia, The",2018,,680.0,4.66787430455537,7.05226804537001,6.35512278318908,2399632.0
"Gambia, The",2017,,620.0,2.20807546707253,6.09221630485146,6.63515350084427,2342189.0
"Gambia, The",2016,,590.0,-0.701007891119758,,6.68960545494039,2283769.0
"Gambia, The",2015,35.9,590.0,1.25137248146628,,6.82249017642635,2224529.0
"Gambia, The",2014,,600.0,-4.17258609769029,8.8311855558866,6.70613225498727,2164528.0
"Gambia, The",2013,,680.0,-0.0966163079995681,9.98100085589005,6.75051148106222,2103820.0
"Gambia, The",2012,,710.0,2.18645897140155,10.0796538891506,6.70180198051652,2043094.0
"Gambia, The",2011,,710.0,-10.7772609082744,10.4075521213533,6.73277700304727,1983784.0
"Gambia, The",2010,43.6,830.0,2.87350950500529,9.49108014230579,6.9457527197855,1926630.0
"Gambia, The",2009,,820.0,3.61238687182772,9.16645259698903,6.37915958007465,1871422.0
"Gambia, The",2008,,750.0,3.21187607038,8.73270872952293,5.16359483397524,1817852.0
"Gambia, The",2007,,650.0,0.0963372438063175,7.54851230375493,4.07313257315451,1765774.0
"Gambia, The",2006,,600.0,-3.35221701800941,7.21291896424901,3.23038108805696,1715275.0
"Gambia, The",2005,,480.0,-5.03011452953602,5.85223886598166,2.55129206304132,1667037.0
Georgia,2022,33.5,5690.0,10.8422088053808,63.0726082732066,31.3369163242755,3712502.0
Georgia,2021,34.2,4760.0,11.0650780067831,72.9083897422509,31.5756667796647,3708610.0
Georgia,2020,34.5,4330.0,-6.35478715206467,79.0645249082047,31.9249451332459,3722716.0
Georgia,2019,35.9,4780.0,5.56167165873158,65.0283258328935,33.8687580540008,3720161.0
Georgia,2018,36.4,4580.0,6.10344745087359,59.5296426505116,31.776412793818,3726549.0
Georgia,2017,37.9,4130.0,5.14582677562736,55.071079573885,33.4825214185708,3728004.0
Georgia,2016,36.6,4180.0,3.38835328316745,54.014570070671,32.9360939464462,3727505.0
Georgia,2015,36.5,4500.0,3.18839294862944,48.2300744379273,32.3313285245893,3725276.0
Georgia,2014,37.6,4850.0,4.04162752314514,44.9483510774207,32.5302564579198,3719414.0
Georgia,2013,38.6,4680.0,5.44978265548417,39.9045930084725,33.0169075046404,3717668.0
Georgia,2012,39.0,4250.0,7.36675215463949,35.5362693389369,28.1410045777794,3728874.0
Georgia,2011,39.6,3580.0,8.8036288733672,32.879102622471,23.7706310906103,3756441.0
Georgia,2010,39.5,3220.0,7.02428366897674,31.8520769230266,21.4099647629017,3786695.0
Georgia,2009,38.2,2950.0,-2.79118104819281,32.7152366113766,20.9103488155965,3814419.0
Georgia,2008,38.5,2820.0,2.7332346709434,34.4363345628058,22.0064501001341,3848449.0
Georgia,2007,38.1,2380.0,13.1643509520424,,17.213436353239,3860158.0
Georgia,2006,36.9,1910.0,10.0452966712851,,14.179860299503,3880347.0
Georgia,2005,37.4,1520.0,10.2895785214873,,11.8620034313015,3902469.0
Germany,2022,33.7,55200.0,1.83161439976671,81.079187544963,7.02622423774413,83177813.0
Germany,2021,33.6,52850.0,3.86602720371127,82.7038241987432,7.60599027697653,83196078.0
Germany,2020,32.5,48540.0,-4.21020011825779,83.809378912227,9.35518084547496,83160871.0
Germany,2019,32.2,50350.0,0.750266426253219,77.9656968065859,10.9531891631655,83092962.0
Germany,2018,31.9,48770.0,0.832212527052548,76.6188414195566,11.1568976142148,82905782.0
Germany,2017,31.3,44730.0,2.4144426920242,76.0590859587592,12.9449028086723,82657002.0
Germany,2016,31.3,45340.0,1.40038690062336,75.9886830599554,13.5393060827006,82348669.0
Germany,2015,31.4,46590.0,0.786705244581157,76.5815039050479,14.0606160789612,81686611.0
Germany,2014,30.8,48610.0,1.75510660613023,77.7920367770492,14.5581385137731,80982500.0
Germany,2013,31.4,48160.0,0.12338547838786,80.6847771482794,14.8970030217899,80645605.0
Germany,2012,30.9,47480.0,0.275091009850499,82.1912777571376,14.1844767629551,80425823.0
Germany,2011,30.4,48200.0,5.69928311502757,83.2493965947192,15.8529377297931,80274983.0
Germany,2010,30.2,45530.0,4.29429269623485,86.7703784709742,15.718085090574,81776930.0
Germany,2009,30.4,44470.0,-5.30491661723096,96.8593447395117,15.8652025388908,81902307.0
Germany,2008,30.6,44360.0,1.07991595041742,95.4017333003769,16.3230670474855,82110097.0
Germany,2007,31.2,41130.0,3.0267913002332,95.4983439670839,16.314514217606,82266372.0
Germany,2006,31.0,38890.0,3.98390753495501,100.341277234171,16.6925360436597,82376451.0
Germany,2005,31.6,36310.0,0.942782582208039,103.75352043032,20.2061806717569,82469422.0
Ghana,2022,,2400.0,1.8305124767942,13.2885237880865,5.74588585335902,33149152.0
Ghana,2021,,2300.0,3.03800270044563,13.0544311231372,11.1692929390992,32518665.0
Ghana,2020,,2250.0,-1.46830801654092,13.058528858537,5.9741656169145,31887809.0
Ghana,2019,,2170.0,4.39063133478864,13.9372113856401,8.07987987843816,31258945.0
Ghana,2018,,2060.0,4.01895338314475,13.7141432192203,8.31183838853199,30637585.0
Ghana,2017,,1830.0,5.78094585817396,16.0995201444141,8.18942857617273,30008354.0
Ghana,2016,43.5,1760.0,1.04704406736222,17.4356386560413,6.80371771027585,29356742.0
Ghana,2015,,1880.0,-0.208325820413904,17.9335670472186,6.80938078878802,28696068.0
Ghana,2014,,1830.0,0.452244093941871,16.5048906269026,5.78280157615342,28041592.0
Ghana,2013,,1790.0,4.75796338524816,15.2923716479322,5.567505889694,27386193.0
Ghana,2012,42.4,1490.0,6.67974740594653,18.0717128637123,5.40980858813532,26734268.0
Ghana,2011,,1350.0,11.3370417824575,17.1952826473503,5.12732534076499,26095088.0
Ghana,2010,,1200.0,5.30617508163762,16.6607748086712,5.10408541539091,25474995.0
Ghana,2009,,1160.0,2.26068893513001,17.7369732584538,4.83844415174681,24862664.0
Ghana,2008,,1120.0,6.41466992518754,12.6134904703492,4.52256116305605,24249946.0
Ghana,2007,,770.0,1.69171777527903,14.4884302260337,4.32987400416395,23642279.0
Ghana,2006,,570.0,3.66950804093835,10.8575870160572,3.41830760455893,23040702.0
Ghana,2005,42.8,450.0,3.15861099530474,15.5440688136274,3.07219959150903,22449438.0
Gibraltar,2022,,,,,,37609.0
Gibraltar,2021,,,,,,36858.0
Gibraltar,2020,,,,,,36173.0
Gibraltar,2019,,,,,,35494.0
Gibraltar,2018,,,,,,34854.0
Gibraltar,2017,,,,,,34245.0
Gibraltar,2016,,,,,,33658.0
Gibraltar,2015,,,,,,33193.0
Gibraltar,2014,,,,,,32813.0
Gibraltar,2013,,,,,,32407.0
Gibraltar,2012,,,,,,32029.0
Gibraltar,2011,,,,,,31660.0
Gibraltar,2010,,,,,,31248.0
Gibraltar,2009,,,,,,30823.0
Gibraltar,2008,,,,,,30413.0
Gibraltar,2007,,,,,,30006.0
Gibraltar,2006,,,,,,29594.0
Gibraltar,2005,,,,,,29163.0
Greece,2022,33.4,21980.0,6.85985632812138,52.4567421241532,16.3571720464949,10436882.0
Greece,2021,32.9,20350.0,9.98468495798464,56.1973361608804,17.0535495768925,10569207.0
Greece,2020,33.6,18030.0,-9.00116455331775,81.2709751259998,18.3623766012352,10698599.0
Greece,2019,33.1,19770.0,2.38497557963629,80.2122396702063,19.3222145738456,10721582.0
Greece,2018,32.9,19060.0,2.27195132202993,91.2069328032117,20.9407521396009,10732882.0
Greece,2017,34.4,17890.0,1.67402014860588,100.647509860794,22.9138010834349,10754679.0
Greece,2016,35.0,18500.0,0.384851865059588,108.627097496027,24.6534946979795,10775971.0
Greece,2015,36.0,19920.0,0.431225575747547,113.433357315224,26.8320933899608,10820883.0
Greece,2014,35.8,21670.0,1.46585655106406,117.895057189809,28.1597824116515,10892413.0
Greece,2013,36.1,22030.0,-1.56089629701783,119.790203680738,32.4808221579895,10965211.0
Greece,2012,36.3,22750.0,-7.83408943355501,120.147931380692,37.6012941209289,11045011.0
Greece,2011,34.8,24470.0,-9.74334160929287,119.201382534538,39.4645685268695,11104899.0
Greece,2010,34.1,27320.0,-5.81520524166056,112.814277336853,41.0887854559171,11121341.0
Greece,2009,33.6,29030.0,-4.37113631022572,89.22442515662,42.0233500728275,11107017.0
Greece,2008,33.6,28330.0,-0.2077841521306,90.5073136555285,42.3586869482085,11077841.0
Greece,2007,34.0,25960.0,3.24351376995932,85.7984237428537,39.9049509721812,11048473.0
Greece,2006,35.1,24160.0,6.12419382696766,77.5454374177186,37.8518052049092,11020362.0
Greece,2005,34.6,22430.0,0.887221298370648,73.6573957197981,35.0079083682598,10987314.0
Greenland,2022,,,1.99015372527471,,,56661.0
Greenland,2021,,,1.12101711638257,,,56653.0
Greenland,2020,,,-0.00176247850131972,,,56367.0
Greenland,2019,,,2.46273159433217,,,56225.0
Greenland,2018,,,0.89068474112419,,,56023.0
Greenland,2017,,,0.0776647739674274,,,56172.0
Greenland,2016,,,4.54780858066064,,,56186.0
Greenland,2015,,,-2.2149188822392,,,56114.0
Greenland,2014,,,5.09192733313645,,,56295.0
Greenland,2013,,,-0.726861643140481,,,56483.0
Greenland,2012,,,1.53697694464276,,,56810.0
Greenland,2011,,,-1.11918135533512,,,56890.0
Greenland,2010,,,1.35611976495977,,,56534.0
Greenland,2009,,,0.874906570700134,,,56323.0
Greenland,2008,,,6.59397874864722,,,56328.0
Greenland,2007,,34800.0,2.7505908652024,,,56555.0
Greenland,2006,,30240.0,5.85316581553596,,,56775.0
Greenland,2005,,30920.0,4.91926419216257,,,56935.0
Grenada,2022,,9980.0,7.10371866166386,53.6300615464685,19.9221985718929,116913.0
Grenada,2021,,8890.0,4.38638000986352,57.3161056105611,20.0813824446441,116688.0
Grenada,2020,,8390.0,-14.0234896211443,59.3971695400769,19.185879192914,116341.0
Grenada,2019,,9400.0,0.424779227477273,49.5470652329837,21.4832001374925,115981.0
Grenada,2018,43.8,9220.0,4.13321655238465,50.6457030915135,21.6267652847164,115691.0
Grenada,2017,,8400.0,4.16002295455056,51.0669057528748,21.7722621380361,115438.0
Grenada,2016,,8000.0,3.33052048330798,53.7227840903144,21.92333410065,115130.0
Grenada,2015,,7410.0,5.9402683055354,57.3214285714286,29.8451369007483,114676.0
Grenada,2014,,7170.0,6.73549593358203,65.2063355329454,30.1406563965171,114132.0
Grenada,2013,,7040.0,1.70896295471954,74.2566602346301,30.4503264951674,113487.0
Grenada,2012,,6700.0,-1.76486904539074,82.8048136761002,30.7744913660455,112775.0
Grenada,2011,,6730.0,0.321541246692931,84.8760208716829,29.9532268841732,112079.0
Grenada,2010,,6610.0,-0.807153746059768,83.9799398580034,29.1293810589113,111586.0
Grenada,2009,,6390.0,-6.91378690534548,79.377116503493,29.4988731430459,111254.0
Grenada,2008,,6910.0,0.607094088064969,70.0770486884809,29.9082415150319,110896.0
Grenada,2007,,6500.0,5.7518527541441,68.7935247685599,30.3685527562499,110522.0
Grenada,2006,,6120.0,-4.34487991607801,64.8766668373539,30.8893666444263,110135.0
Grenada,2005,,6340.0,12.851921344972,57.9510649627263,31.4805953610195,109734.0
Guam,2022,,,4.17726586538778,,,165180.0
Guam,2021,,,1.07830501841417,,,163730.0
Guam,2020,,,-10.7119946566793,,,162158.0
Guam,2019,,,3.07547868580322,,,161808.0
Guam,2018,,,-0.333833095467511,,,162679.0
Guam,2017,,,1.34860712204592,,,163490.0
Guam,2016,,,0.591903022530076,,,164233.0
Guam,2015,,,1.18092123655293,,,164905.0
Guam,2014,,,2.08830750386504,,,165486.0
Guam,2013,,,1.91405054312719,,,165966.0
Guam,2012,,,2.26402706379456,,,166331.0
Guam,2011,,,0.0650356763903517,,,166543.0
Guam,2010,,,2.04892665177626,,,166522.0
Guam,2009,,,0.14856119478938,,,166173.0
Guam,2008,,,1.772255039884,,,165693.0
Guam,2007,,,0.456380842049214,,,165267.0
Guam,2006,,,-3.92956765070362,,,164839.0
Guam,2005,,,3.29235446239393,,,164365.0
Guatemala,2022,,5220.0,2.72968996454634,36.594840768713,23.2898195196639,17847877.0
Guatemala,2021,,4800.0,6.56016035862335,35.6614893229197,24.042405959031,17598650.0
Guatemala,2020,,4360.0,-3.22007713683627,35.850727668634,24.3525963470214,17357325.0
Guatemala,2019,,4490.0,2.44813633260803,34.0772266375074,25.6267109390085,17103803.0
Guatemala,2018,,4270.0,1.69836306771796,35.0489070448464,27.7430366660497,16845685.0
Guatemala,2017,,3980.0,1.22202117929733,35.1676232731098,34.2001684540212,16567357.0
Guatemala,2016,,3760.0,0.803225184137091,35.7028467505685,34.9155843620575,16268760.0
Guatemala,2015,,3610.0,2.20204503621608,35.2622053205775,35.8619892999657,15971743.0
Guatemala,2014,48.3,3460.0,2.48328449500936,33.4961486193578,35.8583946421737,15681725.0
Guatemala,2013,,3300.0,1.68869465074424,33.1309585321585,35.990768304342,15387337.0
Guatemala,2012,,3090.0,0.944366952930409,32.1720830379679,35.6163977851849,15089647.0
Guatemala,2011,,2850.0,2.10758860221354,23.9639376614018,34.9704854697913,14792126.0
Guatemala,2010,,2690.0,0.865525448373077,24.2180601037473,34.0762398612829,14500112.0
Guatemala,2009,,2610.0,-1.50524953899686,25.7563600648175,33.2150328918788,14215611.0
Guatemala,2008,,2570.0,1.1948125938613,27.7613592965688,30.6525970799535,13935174.0
Guatemala,2007,,2340.0,4.12107602558113,28.6410259515017,27.8704390508963,13652040.0
Guatemala,2006,54.5,2130.0,3.14600619827499,28.8284931279669,17.463711851334,13367459.0
Guatemala,2005,,1980.0,1.06472255613932,25.7664440515198,17.790034314852,13087629.0
Guinea,2022,,1280.0,1.423063279934,10.4563455290297,2.74008514999744,14055137.0
Guinea,2021,,1120.0,2.96921009369555,9.00671851271095,2.62989455774448,13710513.0
Guinea,2020,,1030.0,2.06694997562413,10.019831655421,2.66856850136856,13371183.0
Guinea,2019,,970.0,2.9464024435663,10.2885469655835,2.6551940717738,13034346.0
Guinea,2018,29.6,860.0,3.68700873912611,9.6479967391794,2.69414659157126,12704774.0
Guinea,2017,,800.0,7.51589992127235,9.11146864248885,2.66011458515084,12385659.0
Guinea,2016,,760.0,8.01216245351651,10.7669946764946,2.63667204262983,12073030.0
Guinea,2015,,740.0,1.2305341257089,11.815500678211,2.65603967485825,11767070.0
Guinea,2014,,730.0,1.15630967477851,9.93053864137195,2.39212231906409,11472924.0
Guinea,2013,,680.0,1.4353219620192,7.33649327524321,1.78640142950739,11191873.0
Guinea,2012,33.7,680.0,3.34759058991902,5.91283320690499,1.72241751234882,10921581.0
Guinea,2011,,670.0,3.02826048764469,6.8178937916267,1.56858492668315,10656810.0
Guinea,2010,,680.0,2.26713039266406,3.94270199195746,1.42160107030765,10396086.0
Guinea,2009,,660.0,-3.50758302722751,2.65986866597769,1.3001064642738,10143534.0
Guinea,2008,,610.0,1.64417388168144,3.23943146683863,1.11466089321865,9898870.0
Guinea,2007,39.4,530.0,4.37307821452357,3.26263943860801,0.898164400394046,9662281.0
Guinea,2006,,500.0,-0.903894697466356,4.60476073585137,0.824053574469721,9441171.0
Guinea,2005,,530.0,0.957366356559277,3.87915654280266,0.72216461622066,9245844.0
Guinea-Bissau,2022,,960.0,3.18985313939591,,3.33083520692814,2105529.0
Guinea-Bissau,2021,33.4,910.0,2.72457259949626,,3.42899410457942,2058841.0
Guinea-Bissau,2020,,860.0,0.563014905333631,,3.53037000799377,2013255.0
Guinea-Bissau,2019,,850.0,2.89045755858285,,3.63714774873544,1967696.0
Guinea-Bissau,2018,34.8,750.0,1.32710524004433,,2.94561589704269,1922168.0
Guinea-Bissau,2017,,710.0,2.14454305364472,,3.03607966673045,1877072.0
Guinea-Bissau,2016,,670.0,2.81765698941554,,3.12841577972919,1831893.0
Guinea-Bissau,2015,,670.0,3.4407197814937,9.18538447651045,3.22270345757018,1786457.0
Guinea-Bissau,2014,,660.0,-1.65358336592615,10.8984511721867,2.61529687140082,1741122.0
Guinea-Bissau,2013,,660.0,0.543365078897963,12.1446467890772,2.69361385594968,1695973.0
Guinea-Bissau,2012,,630.0,-4.29238918450449,11.9869192474947,2.4541265070204,1651417.0
Guinea-Bissau,2011,,660.0,5.28027330014127,9.92352989301928,2.30700020763002,1608076.0
Guinea-Bissau,2010,50.6,620.0,2.91052833964689,5.53699226253637,1.9216639348895,1566347.0
Guinea-Bissau,2009,,590.0,-0.124226604498276,5.2718555129906,1.85994173732508,1526377.0
Guinea-Bissau,2008,,540.0,1.92082759963192,4.38257204359193,1.91139718355625,1488054.0
Guinea-Bissau,2007,,480.0,0.0376503174978779,2.90410914550379,1.96292284118359,1450986.0
Guinea-Bissau,2006,,470.0,0.220591080099751,1.90847330227757,1.88838867571079,1415303.0
Guinea-Bissau,2005,,470.0,4.08995783100083,0.999029820796767,1.80715348799985,1381585.0
Guyana,2022,,9780.0,62.1110713145037,20.187564075104,7.96792045936794,821637.0
Guyana,2021,,7810.0,18.8820438552858,30.828624719599,8.02018296478268,815482.0
Guyana,2020,,8090.0,43.5123463015091,39.1757180392318,8.11237401571332,807481.0
Guyana,2019,,6380.0,3.25156178245531,37.0927471310292,8.08616334401527,807665.0
Guyana,2018,,6100.0,1.39604562755792,36.5704424077752,8.25950651244133,791556.0
Guyana,2017,,5870.0,3.06887182440371,34.0693866275831,8.57600954547149,768479.0
Guyana,2016,,5610.0,3.15936322443832,34.9527284059029,8.64252271480427,763548.0
Guyana,2015,,5530.0,0.0833711927134857,36.502241062669,8.71401915189861,758781.0
Guyana,2014,,5640.0,1.1191644103188,36.6598740543025,8.59873159154879,754229.0
Guyana,2013,,5610.0,3.13748133371095,31.9733407856098,8.29000360518761,750021.0
Guyana,2012,,5350.0,5.25728662587919,28.7678132325111,7.79626792654356,746288.0
Guyana,2011,,4860.0,5.63372747844741,26.4371988905893,7.47025658365508,746153.0
Guyana,2010,,4520.0,4.53289275994231,24.51380230878,6.71566468291199,749256.0
Guyana,2009,,4160.0,3.95757174257776,23.3480398713209,6.5549543536815,752094.0
Guyana,2008,,3820.0,2.05930009878752,21.8393974995755,6.39685274844776,754606.0
Guyana,2007,,2250.0,7.48935908253156,22.3572794646428,6.24058878948682,756861.0
Guyana,2006,,1450.0,5.39944024794079,22.6581605785108,6.08452623850532,758966.0
Guyana,2005,,1070.0,-1.7571567715639,57.122427428263,5.92194468495254,760914.0
Haiti,2022,,1620.0,-2.7846808475344,8.23905048963666,,11503606.0
Haiti,2021,,1450.0,-2.92695804339543,8.31227901324056,,11374586.0
Haiti,2020,,1340.0,-4.49816442182016,8.60933596942957,2.62348360699384,11243848.0
Haiti,2019,,1410.0,-2.98683711868885,10.3687008659048,2.7240786068586,11105163.0
Haiti,2018,,1430.0,0.326678559605597,11.2063306533874,2.69338976164443,10962362.0
Haiti,2017,,1370.0,1.12394427912376,9.82631897315958,2.66132316872501,10817754.0
Haiti,2016,,1380.0,0.398402974127237,10.4552757071217,2.62786153853465,10671457.0
Haiti,2015,,1430.0,-0.0454395053176881,10.7679267730686,2.69269625374716,10523242.0
Haiti,2014,,1460.0,1.39231187945737,11.4152315549394,2.70274118986292,10373235.0
Haiti,2013,,1410.0,2.767509667507,10.7615276089025,2.71300740280392,10222362.0
Haiti,2012,41.1,1320.0,-1.04324222181728,10.814964045335,2.72340961200188,10069771.0
Haiti,2011,,1260.0,3.91514494215959,8.51878003547406,2.6256809201498,9914904.0
Haiti,2010,,1140.0,-6.7459038549499,7.79703967463653,2.47596656530449,9803294.0
Haiti,2009,,1160.0,4.15489282064615,8.21108523727506,2.89983720636128,9689581.0
Haiti,2008,,1010.0,0.961802640900089,8.68209202650164,2.91361909516818,9530774.0
Haiti,2007,,900.0,2.95569722727539,8.0621651109807,2.96100341676241,9373296.0
Haiti,2006,,800.0,0.0540583442750062,8.47020352088079,3.09590654077335,9216562.0
Haiti,2005,,710.0,1.35443141019209,8.86270292207163,3.16593677166965,9061273.0
Honduras,2022,,2700.0,2.41184551052402,70.0841626239484,15.2936637185329,10463872.0
Honduras,2021,,2440.0,10.7029903655951,67.7270471861986,15.2888913802043,10289877.0
Honduras,2020,,2120.0,-10.5484174868395,71.2304636812084,15.8658952048306,10119640.0
Honduras,2019,48.2,2330.0,0.71936151617345,64.4630328325205,18.1185806778992,9943633.0
Honduras,2018,48.9,2280.0,1.96196872528638,62.8149597149301,18.6161652476861,9765210.0
Honduras,2017,49.4,2210.0,2.92107278326836,57.7901974979755,19.176451812051,9588137.0
Honduras,2016,49.8,2090.0,1.96051068302054,57.8354023642267,19.2639333709499,9412380.0
Honduras,2015,49.2,2030.0,1.88202222037501,54.5936002238152,19.0653186647017,9237305.0
Honduras,2014,49.9,1980.0,1.0812751128465,55.0869372049161,21.0599785157917,9063122.0
Honduras,2013,50.0,1990.0,0.777167217053545,54.7226868179144,21.2248912484432,8889278.0
Honduras,2012,53.4,1950.0,2.04382616957031,51.2756482307446,20.9216308938343,8715076.0
Honduras,2011,52.6,1860.0,1.71164194817371,47.3092310306697,19.0780302486221,8540583.0
Honduras,2010,53.1,1730.0,1.5491216313325,47.4622470777193,18.8184590283599,8365878.0
Honduras,2009,51.3,1670.0,-4.54399131651867,50.3382201748979,21.4529589507916,8189899.0
Honduras,2008,55.5,1620.0,1.9188349629601,51.291832674053,22.3658137121851,8012587.0
Honduras,2007,55.8,1490.0,3.77627878562679,52.270420067944,21.0882101037164,7834798.0
Honduras,2006,57.5,1360.0,4.08321335137572,44.7293531580234,17.725197338374,7656832.0
Honduras,2005,59.5,1290.0,3.50707975469855,38.8417580655353,15.8148231223406,7478355.0
"Hong Kong SAR, China",2022,,54000.0,-2.80533347557801,264.442110646291,18.9891518859772,7346100.0
"Hong Kong SAR, China",2021,,54380.0,7.42950941492767,259.183988203515,19.6447268806984,7413100.0
"Hong Kong SAR, China",2020,,48550.0,-6.20876017979512,258.902841699638,20.1369127279607,7481000.0
"Hong Kong SAR, China",2019,,50480.0,-2.39668495991923,236.740071570624,20.9470397858761,7507900.0
"Hong Kong SAR, China",2018,,50050.0,2.0272229246582,219.908123250485,21.2215172454196,7452600.0
"Hong Kong SAR, China",2017,,46380.0,3.00148096033243,223.371866412043,21.1345265566761,7393200.0
"Hong Kong SAR, China",2016,,42970.0,1.54454440525488,214.300178832553,21.570585497901,7336600.0
"Hong Kong SAR, China",2015,,41180.0,1.51995547711607,207.899328185199,22.2788536754058,7291300.0
"Hong Kong SAR, China",2014,,40240.0,2.04318180024958,233.211001170351,22.7207103267586,7229500.0
"Hong Kong SAR, China",2013,,38570.0,2.68790568876102,218.160392086255,22.9674841313772,7178900.0
"Hong Kong SAR, China",2012,,36340.0,0.583751958193886,198.531505076682,23.3709423290705,7150100.0
"Hong Kong SAR, China",2011,,35690.0,4.11214756917033,202.292745511598,23.8990545026846,7071600.0
"Hong Kong SAR, China",2010,,33620.0,5.98640945097021,185.58191267173,23.9364624050676,7024200.0
"Hong Kong SAR, China",2009,,32350.0,-2.66898437200337,155.426161115447,23.6283675147739,6972800.0
"Hong Kong SAR, China",2008,,33950.0,1.51877053317028,140.285752688015,23.9044721048872,6957800.0
"Hong Kong SAR, China",2007,,32070.0,5.55352397860919,136.679742857212,23.4991701751073,6916300.0
"Hong Kong SAR, China",2006,,30290.0,6.3474408353708,136.800320417521,23.1151650395669,6857100.0
"Hong Kong SAR, China",2005,,28890.0,6.92006481506586,143.12769981411,23.2902252333102,6813200.0
Hungary,2022,,19200.0,4.43277115645731,36.0420465985177,17.4293565634254,9605074.0
Hungary,2021,,18070.0,7.66253175353751,38.4125853084098,22.4424793949835,9630932.0
Hungary,2020,,16330.0,-4.09730738033811,37.6296063212563,23.2630217104731,9670419.0
Hungary,2019,,16840.0,5.2087641343076,33.1721052698328,23.4502279690318,9694824.0
Hungary,2018,,15180.0,5.82146361803679,32.2649787904592,14.2210883657492,9706964.0
Hungary,2017,30.6,13310.0,4.47743568209606,32.3908602743309,14.6670735673873,9726756.0
Hungary,2016,30.3,13230.0,2.83749039789862,33.3191543197899,14.7309738031799,9759755.0
Hungary,2015,30.4,13310.0,4.03310873929586,35.0976712570947,15.1354066464394,9797755.0
Hungary,2014,30.9,13630.0,4.75555169835647,42.5320276713183,15.4973769386235,9833038.0
Hungary,2013,31.5,13560.0,2.52439305270235,46.096882400305,15.3929211464241,9872734.0
Hungary,2012,30.8,13080.0,-0.828646515876528,50.4166616959194,16.0518543250614,9920362.0
Hungary,2011,29.2,13260.0,2.2059103447462,58.4470053209195,16.4079692497286,9971727.0
Hungary,2010,29.4,13250.0,1.2966366075499,60.3209175671504,16.7506406328812,10000023.0
Hungary,2009,27.0,13400.0,-6.59558642753552,59.902839903581,17.6199150026547,10022650.0
Hungary,2008,27.5,13250.0,1.17042884387347,59.3602856793598,17.9490892594618,10038188.0
Hungary,2007,27.9,11770.0,0.487904817715162,53.1980228492073,17.2948874391076,10055780.0
Hungary,2006,28.3,11230.0,4.09589996478341,47.2791787368685,16.1241089670802,10071370.0
Hungary,2005,34.7,10380.0,4.50792078649896,43.2545318007203,14.8150443840886,10087065.0
Iceland,2022,,73690.0,6.11928417467047,93.0637783457122,25.3705220225766,382003.0
Iceland,2021,,66970.0,3.47038534143127,99.5228207903758,26.3918396431823,372520.0
Iceland,2020,,65670.0,-8.14886569197427,98.409254247691,27.8616985565626,366463.0
Iceland,2019,26.8,74870.0,-1.06147502015334,87.7115547810861,30.0772438307472,360563.0
Iceland,2018,26.6,72210.0,1.89500633642427,89.4921756721559,31.2127376025812,352721.0
Iceland,2017,26.1,62070.0,1.08598544714937,85.6751270718392,34.380801760297,343400.0
Iceland,2016,27.2,58410.0,4.75387973177391,83.0289019358564,35.343839754751,335439.0
Iceland,2015,26.8,52540.0,2.69299664107407,86.3304492544149,36.3541347147904,330815.0
Iceland,2014,27.8,50120.0,0.786303485429585,93.2716453077666,40.3061733702871,327386.0
Iceland,2013,25.4,49060.0,2.62166783315034,106.388456955791,43.1658033505997,323764.0
Iceland,2012,26.8,42440.0,0.632418770044652,116.320244870751,47.1772291240761,320716.0
Iceland,2011,26.8,39250.0,1.07078538162074,134.860191549767,52.2573595781406,319014.0
Iceland,2010,26.2,37950.0,-2.08101145067769,157.617941924993,57.649949506596,318041.0
Iceland,2009,28.7,43550.0,-8.63377661962879,171.82627024193,60.7195866305789,318499.0
Iceland,2008,31.8,52420.0,-0.174091482130947,190.991584963168,69.2815818498182,317414.0
Iceland,2007,29.5,63100.0,6.0245936089685,243.15494776409,72.8065501490704,311566.0
Iceland,2006,30.2,54890.0,3.21994146791231,301.018943583666,77.1870359339212,303782.0
Iceland,2005,29.0,51090.0,5.34851964673268,235.46190863153,86.038799607421,296734.0
India,2022,25.5,2390.0,6.76238601727897,37.0884923118537,14.3156757455241,1425423212.0
India,2021,,2170.0,8.79093447676263,36.8920885102897,14.4205333373614,1414203896.0
India,2020,,1900.0,-6.69047102833747,40.7867848551821,14.5688252438353,1402617695.0
India,2019,,2070.0,2.79675759965889,38.73794497616,14.4264656491788,1389030312.0
India,2018,,1970.0,5.29211971914722,38.8975254010362,14.3005394412252,1374659064.0
India,2017,,1790.0,5.561185034605,38.1707138624147,14.3473985182086,1359657400.0
India,2016,,1670.0,6.97394690929247,38.2036507912231,14.0954651389178,1343944296.0
India,2015,,1580.0,6.71566734640226,51.8675240772049,13.4293593628255,1328024498.0
India,2014,,1540.0,6.06398074162718,51.8821873589628,12.7504835725581,1312277191.0
India,2013,,1500.0,4.97769997302639,52.385709516972,11.7407934642552,1295829511.0
India,2012,,1460.0,4.01726735836323,51.8885076473464,11.0796826104947,1278674502.0
India,2011,28.8,1350.0,3.76074153145865,51.2892331325447,10.4187018734268,1261224954.0
India,2010,,1210.0,6.93079780415253,50.5553749785224,9.96300611525396,1243481564.0
India,2009,27.8,1110.0,6.31340985793889,48.1244479112046,9.52484531599136,1225524753.0
India,2008,,990.0,1.61413451702882,49.559366687116,9.23702427510405,1207930964.0
India,2007,,910.0,6.05160013740698,45.6277647457138,8.93233603612233,1190676021.0
India,2006,,780.0,6.38367720854581,43.6277524334268,8.82183138882488,1172878890.0
India,2005,,700.0,6.17702892486365,40.0679804780573,8.92413717975399,1154676322.0
Indonesia,2022,35.5,4520.0,4.52447576618876,35.2884329632689,12.3669584996456,278830529.0
Indonesia,2021,35.5,4130.0,2.97476192227879,36.9908270556254,15.9173180592044,276758053.0
Indonesia,2020,35.3,3850.0,-2.89423403981894,38.6795390891453,15.2729294832128,274814866.0
Indonesia,2019,35.4,4020.0,4.0413041818536,38.3726939516609,15.6503864886917,272489381.0
Indonesia,2018,36.3,3810.0,4.15930013909383,38.8054496665639,16.0966938200701,269951846.0
Indonesia,2017,36.4,3490.0,4.00109865179923,38.7323495613041,16.6472976703959,267346658.0
Indonesia,2016,36.9,3370.0,3.91054275495577,39.4024246939414,17.1039925559359,264627418.0
Indonesia,2015,38.2,3390.0,3.70583428895539,39.1187982955119,17.4533778353386,261799249.0
Indonesia,2014,38.8,3570.0,3.77968595157438,36.4235451552096,17.5854342467378,258877399.0
Indonesia,2013,38.9,3670.0,4.25603923226443,36.0581396070456,17.355740848749,255852467.0
Indonesia,2012,37.1,3520.0,4.67540374198676,33.4341714348422,16.5682153351081,252698525.0
Indonesia,2011,37.9,2960.0,4.82294276512758,30.0821993577662,14.4171118214324,249470032.0
Indonesia,2010,34.6,2490.0,4.89326246908787,27.2530411349395,7.93106614346667,246305322.0
Indonesia,2009,33.4,2110.0,3.31160021271401,27.6587104878441,7.47615975947605,243220028.0
Indonesia,2008,32.6,1900.0,4.64721758277069,,6.44040879346418,240157903.0
Indonesia,2007,33.2,1570.0,4.94958392275811,,5.83869239192551,237062337.0
Indonesia,2006,31.5,1350.0,4.11201890218061,,5.5894317734056,233951652.0
Indonesia,2005,29.9,1200.0,4.3443558422024,,5.14589779569222,230871650.0
"Iran, Islamic Rep.",2022,34.8,4390.0,3.10702656058911,,,89524246.0
"Iran, Islamic Rep.",2021,35.5,4110.0,3.26912440288719,,,88455488.0
"Iran, Islamic Rep.",2020,35.8,3980.0,3.64198271829557,,,87723443.0
"Iran, Islamic Rep.",2019,36.5,4710.0,-3.40863263146464,,,87051648.0
"Iran, Islamic Rep.",2018,37.4,5390.0,-4.96761764341849,,31.0918089092374,86117998.0
"Iran, Islamic Rep.",2017,36.7,5640.0,1.55521443456146,,28.5867586853756,85026754.0
"Iran, Islamic Rep.",2016,35.9,5530.0,7.26636493161325,57.8313383703997,31.6548801747883,83812228.0
"Iran, Islamic Rep.",2015,35.3,5460.0,-2.75798228082138,56.3719593551977,31.3349862334938,82619362.0
"Iran, Islamic Rep.",2014,34.8,6660.0,3.58412137758084,48.9844792976358,32.3071658946304,81502045.0
"Iran, Islamic Rep.",2013,34.0,7220.0,-2.80061992960059,44.5964991335657,29.3714797997065,80414686.0
"Iran, Islamic Rep.",2012,34.4,7310.0,-4.94408603979183,49.6173234830957,29.6839622617777,79370580.0
"Iran, Islamic Rep.",2011,34.7,6680.0,1.38495950276369,49.2475078971103,29.597341620589,78383598.0
"Iran, Islamic Rep.",2010,,5910.0,4.48194624429263,52.0229498170448,26.3213037460961,77420842.0
"Iran, Islamic Rep.",2009,42.1,5260.0,-0.239219321569081,49.2122294086103,28.5545643982807,76457825.0
"Iran, Islamic Rep.",2008,,4720.0,-0.959303455562093,45.3150694425274,28.8998898712243,75514204.0
"Iran, Islamic Rep.",2007,,4070.0,6.40171006806331,47.0472761389845,28.1077733948831,74602648.0
"Iran, Islamic Rep.",2006,44.8,3330.0,2.76183106993244,44.7948027977428,27.9757267738514,73392747.0
"Iran, Islamic Rep.",2005,43.6,2850.0,0.931246313659614,38.348153226962,28.1977942819046,71828455.0
Iraq,2022,,5510.0,5.51097802061808,9.54125684121782,3.41450617938992,44070551.0
Iraq,2021,,4740.0,-0.74745630947109,11.1956027502836,3.6305334545491,43071211.0
Iraq,2020,,4720.0,-13.9675322686437,13.3148576834755,3.69003478602669,42116605.0
Iraq,2019,,5520.0,3.14043943264693,8.80896032816847,3.77785236412688,41192171.0
Iraq,2018,,4820.0,0.267762550620816,8.58001733266219,4.20969487863851,40265624.0
Iraq,2017,,4430.0,-3.98546687274897,9.54983973287939,3.81250119140662,39337353.0
Iraq,2016,,5060.0,11.0984155585203,10.0766837568499,3.8865616385434,38469627.0
Iraq,2015,,5460.0,-0.153622231589026,9.8758223889244,4.65018279562695,37560535.0
Iraq,2014,,6440.0,-1.2842545257663,6.81429545062197,4.97181115716503,36550059.0
Iraq,2013,,6620.0,2.6646473210161,6.33564916159929,5.07609508552721,35281989.0
Iraq,2012,29.5,5980.0,8.88055394419878,5.90755944993835,5.20424436594349,33654842.0
Iraq,2011,,4740.0,3.81441942451566,5.41445203995753,4.81791855130635,32161424.0
Iraq,2010,,4390.0,3.01924651269078,5.39309563014871,4.97689578119151,31045366.0
Iraq,2009,,4010.0,-0.359808708496018,3.77873014813253,4.57790064692727,30058206.0
Iraq,2008,,3470.0,6.06351402987207,2.68222036334891,3.30639939213932,28971036.0
Iraq,2007,,2480.0,2.69566336957755,2.47580446081963,3.3091900841503,28391607.0
Iraq,2006,28.6,1880.0,4.86652515076509,2.26399132037921,3.24865687218597,28616515.0
Iraq,2005,,1510.0,-1.29394759634579,1.55617716768862,,28407448.0
Ireland,2022,29.9,75970.0,5.40228269492256,25.4419666716094,13.3881373826628,5212836.0
Ireland,2021,29.4,74070.0,14.6467292457005,26.4830620089049,15.9269602503262,5110585.0
Ireland,2020,29.2,64420.0,5.80801946810749,32.3402464273232,19.0479014514853,5039747.0
Ireland,2019,30.3,62460.0,3.31840085150145,36.0552722551197,19.7204335539865,4976456.0
Ireland,2018,30.6,59110.0,6.13694267880518,39.7179106627463,20.2720603827427,4898022.0
Ireland,2017,31.4,54410.0,8.63259519638329,42.6227340344542,20.5884505637602,4827445.0
Ireland,2016,32.8,52880.0,-0.0687294094505688,47.386841437796,21.4560204953032,4762722.0
Ireland,2015,31.8,52340.0,23.4520270725761,51.2657972598874,21.7170065797391,4701957.0
Ireland,2014,31.9,47580.0,8.58909717383906,78.3674079003117,21.7362417791893,4657740.0
Ireland,2013,33.5,44170.0,1.65624859275668,102.404683746299,22.795286475008,4623816.0
Ireland,2012,33.2,41070.0,-0.826164036751607,110.636331079402,24.4895833391048,4599533.0
Ireland,2011,32.9,42670.0,1.166742916706,114.741522540828,27.1046135329225,4580084.0
Ireland,2010,32.3,44970.0,1.13042386118924,133.426753126152,28.1000060035621,4560155.0
Ireland,2009,32.7,46810.0,-6.05481156494983,169.252292209815,34.1940933529353,4535375.0
Ireland,2008,30.9,50940.0,-6.41164613131696,166.322639147626,33.4854738558523,4489544.0
Ireland,2007,31.9,50540.0,2.30923113199,158.099129709618,32.9378979461296,4398942.0
Ireland,2006,32.7,47950.0,2.19518952781192,144.570858494026,33.791199185015,4273591.0
Ireland,2005,33.8,44640.0,3.46094094006261,124.640380550943,34.5656606808345,4159914.0
Isle of Man,2022,,78440.0,-4.19501000433891,,,84132.0
Isle of Man,2021,,76440.0,3.78598283934312,,,84106.0
Isle of Man,2020,,79280.0,-8.952853097019,,,84064.0
Isle of Man,2019,,84470.0,0.0733713448695283,,,83957.0
Isle of Man,2018,,83430.0,1.97434466746698,,,83805.0
Isle of Man,2017,,77890.0,2.66187031478451,,,83609.0
Isle of Man,2016,,78690.0,7.11503908245226,,,83466.0
Isle of Man,2015,,83630.0,-0.0295616197691402,,,83593.0
Isle of Man,2014,,88570.0,5.46721088334894,,,83892.0
Isle of Man,2013,,87680.0,4.38197664616249,,,84141.0
Isle of Man,2012,,82400.0,7.3636916765798,,,84335.0
Isle of Man,2011,,74840.0,1.38472598626136,,,84382.0
Isle of Man,2010,,72410.0,2.24854803434695,,,83873.0
Isle of Man,2009,,46790.0,0.979767326548526,,,82939.0
Isle of Man,2008,,43640.0,3.77208525293702,,,82029.0
Isle of Man,2007,,47950.0,6.36998309806449,,,81147.0
Isle of Man,2006,,44860.0,6.6564512619359,,,80294.0
Isle of Man,2005,,39430.0,4.93577075888795,,,79516.0
Israel,2022,38.3,55450.0,4.19414564339442,70.1421605731467,14.473171467517,9557500.0
Israel,2021,37.9,49680.0,7.56395048301559,69.1844619109811,15.286353965405,9371400.0
Israel,2020,37.8,43370.0,-3.73449084409626,67.9621912366011,16.2407330286608,9215100.0
Israel,2019,38.3,44280.0,1.74945844686911,64.4510008112367,16.8409437517097,9054000.0
Israel,2018,38.6,42060.0,2.01931484013397,65.4861679257107,17.4370297220528,8882800.0
Israel,2017,38.2,38700.0,2.34341452190721,64.6451089520793,17.9747038455462,8713300.0
Israel,2016,39.0,37310.0,2.4319477135746,64.7280770833528,18.9478249951489,8546000.0
Israel,2015,39.7,36980.0,0.231915657737829,65.7174213698368,20.1405020015973,8380100.0
Israel,2014,39.8,37080.0,1.80280307810176,64.9406090311313,20.9269470223424,8215700.0
Israel,2013,39.9,35530.0,2.16142471851542,64.6741387060083,21.5787138741823,8059500.0
Israel,2012,41.3,33560.0,0.573190077448643,66.2660468804081,21.9657408130307,7910500.0
Israel,2011,41.5,32870.0,3.58663560932411,67.3742050777583,22.0128610095816,7765800.0
Israel,2010,42.6,30820.0,3.62399103334153,66.9353545932835,21.7064503214734,7623600.0
Israel,2009,42.6,28490.0,-1.15337011091322,65.0748073576816,19.7640139788839,7485600.0
Israel,2008,41.6,27350.0,1.40446742128471,69.0121716122563,19.8591980965403,7308800.0
Israel,2007,41.1,25120.0,4.45161075798397,65.7399933230551,19.4484406847542,7180100.0
Israel,2006,41.6,23380.0,3.75119939110648,72.6119912753129,19.3659016939882,7053700.0
Israel,2005,42.3,22530.0,2.56366494259233,74.5926339832096,19.528490573219,6930100.0
Italy,2022,33.7,39060.0,5.0334454866795,69.5868608578087,33.1305568880433,59013667.0
Italy,2021,34.8,36760.0,9.49416108466208,76.0051221503914,34.3802558128779,59133173.0
Italy,2020,35.2,32600.0,-8.42323993924451,82.6528242104143,37.6475494341284,59438851.0
Italy,2019,34.6,35030.0,1.13464411867925,73.4404069738438,39.1090892092209,59729081.0
Italy,2018,35.2,34120.0,0.581227670101029,76.4482228153834,40.8511852243223,60148658.0
Italy,2017,35.9,31790.0,1.79499729937032,80.4167170633531,44.5903651379977,60002252.0
Italy,2016,35.2,32400.0,1.42884453159633,84.4917347012215,47.6188103825919,60115223.0
Italy,2015,35.4,33460.0,1.03826511770654,86.9158529570859,49.8320330639147,60229605.0
Italy,2014,34.7,35370.0,-0.0164634913490715,88.187471051349,50.8210040390973,60320707.0
Italy,2013,34.9,35700.0,-2.01397031609169,90.3656642019387,53.307391907537,60311613.0
Italy,2012,35.2,35970.0,-3.38984189684089,93.2686875516145,56.4750843561536,60191247.0
Italy,2011,35.1,37710.0,0.347491108002188,93.5718818734975,57.9995495085499,60026841.0
Italy,2010,34.7,37720.0,1.0811087798198,92.6676294931465,58.4489239053566,59819407.0
Italy,2009,33.8,37830.0,-5.85255775999181,87.1861669932861,59.6836847438436,59555454.0
Italy,2008,33.8,37870.0,-1.7836019705945,83.3822670885069,62.5664024848812,59211181.0
Italy,2007,32.9,35880.0,0.846872548383672,81.4531164394226,59.1202343424103,58756247.0
Italy,2006,33.7,34260.0,1.3930148978998,75.4232323557397,57.9666902295479,58399861.0
Italy,2005,33.8,32480.0,0.176020373979568,70.5936221522486,56.7449677183023,58166682.0
Jamaica,2022,,6340.0,6.38449296229192,46.1904521881868,6.44184339084517,2839144.0
Jamaica,2021,39.9,5690.0,5.44605052451513,50.0226967195616,6.38953819612687,2837682.0
Jamaica,2020,,5360.0,-8.54632871499803,52.3597017235396,6.4491597954004,2830739.0
Jamaica,2019,,5930.0,1.69497447065874,44.9080839791819,6.59930553609413,2823271.0
Jamaica,2018,35.3,5610.0,2.35833186418979,40.2619240422802,6.46595492591928,2820097.0
Jamaica,2017,,5300.0,2.08054717136154,38.2460519475779,6.79033954909393,2815764.0
Jamaica,2016,,4990.0,2.49050959451111,30.2517787133858,5.22571142511625,2809915.0
Jamaica,2015,,4940.0,0.605132259299552,28.4748645365791,5.27030115340308,2802534.0
Jamaica,2014,,5060.0,0.327176684512608,29.3229510546383,5.1836569663166,2793749.0
Jamaica,2013,,5150.0,0.111200802511547,29.7697687864501,5.72754088032303,2783687.0
Jamaica,2012,,5100.0,-1.04151903293869,28.9883287447322,6.05102417214728,2772430.0
Jamaica,2011,,4700.0,1.29087650393585,26.795738299769,6.13844903491304,2760494.0
Jamaica,2010,,4490.0,-1.87206742708895,26.40566482272,6.27969773721558,2748568.0
Jamaica,2009,,4420.0,-4.74232025652036,28.6034758668077,6.62901118430574,2736995.0
Jamaica,2008,,4660.0,-1.24242279776804,30.1913240242059,6.98450620825024,2725635.0
Jamaica,2007,,4400.0,0.952340641642138,27.3066857340295,6.82503171555769,2713800.0
Jamaica,2006,,4170.0,2.36949906247872,23.4390781501805,6.86776177530585,2700968.0
Jamaica,2005,,3870.0,0.33654893030193,20.9780756444602,6.90544888094257,2687066.0
Japan,2022,,42640.0,1.39102754851621,194.922445076413,33.6645950465813,125124989.0
Japan,2021,,43710.0,3.17001738751661,195.272084840154,33.6920016257728,125681593.0
Japan,2020,32.3,40930.0,-3.88641911578898,195.201446874432,33.6021466098944,126261000.0
Japan,2019,33.0,41970.0,-0.262170828573062,176.790357885167,33.6285691309673,126633000.0
Japan,2018,32.9,41800.0,0.771168471505248,168.035145781732,33.7617816918789,126811000.0
Japan,2017,31.8,38930.0,1.75861180168305,168.661930703542,33.7879182869841,126972000.0
Japan,2016,31.8,38460.0,0.805362824501671,163.446906723913,33.9301471778172,127076000.0
Japan,2015,30.7,39380.0,1.66846511717627,162.387183817775,34.0167032749129,127141000.0
Japan,2014,31.3,44440.0,0.429381122519686,163.286784590149,33.7860998057065,127276000.0
Japan,2013,31.5,48850.0,2.15237106568597,162.702815762356,33.8093573858171,127445000.0
Japan,2012,32.5,50060.0,1.53678665868971,159.302098587601,33.8574610975142,127629000.0
Japan,2011,33.0,47470.0,0.209251802844406,158.768146838801,33.823408443657,127833000.0
Japan,2010,31.5,43910.0,4.07922304856318,159.629862168581,33.7581530365466,128070000.0
Japan,2009,33.0,39230.0,-5.68145234041657,167.768231359701,33.7599575323514,128047000.0
Japan,2008,34.6,39380.0,-1.27210994875956,160.726117314149,33.8004128446798,128063000.0
Japan,2007,,39310.0,1.36742232597771,162.66502275156,33.8503182891396,128001000.0
Japan,2006,,40590.0,1.3081271829718,168.922428789944,34.0613195491627,127854000.0
Japan,2005,,41280.0,1.79433980048837,170.710867437499,34.3107569978202,127773000.0
Jordan,2022,,4380.0,0.915646680170994,84.2333003504334,12.5525884298539,11256263.0
Jordan,2021,,4240.0,1.77173055809841,81.9629622069253,12.8711486215692,11066356.0
Jordan,2020,,4070.0,-2.86253982856009,83.1365317979583,13.190536548653,10865228.0
Jordan,2019,,4190.0,-0.247049289948436,76.8998139579809,13.5775168689403,10671891.0
Jordan,2018,,4090.0,-0.302781677584093,75.6212145728557,13.7751131744199,10462306.0
Jordan,2017,,3920.0,0.192083988017671,74.4929698437643,13.6992611193951,10234226.0
Jordan,2016,,3810.0,-2.71126216102509,70.9530803561467,14.0776366291499,10006367.0
Jordan,2015,,3840.0,-5.58980174753611,66.7111710317066,14.50252918269,9544729.0
Jordan,2014,,3980.0,-6.02217249989295,66.6639415522239,15.5352426801329,8791710.0
Jordan,2013,,4080.0,-2.58592238614169,70.5272251240948,17.0366190648225,7991809.0
Jordan,2012,,3970.0,0.988823291779653,71.2890289167952,17.7922611005679,7587127.0
Jordan,2011,,3710.0,0.218599818569089,71.8259479340805,17.5506637612528,7480424.0
Jordan,2010,33.7,3510.0,0.137449407888951,71.2547588240457,17.2848604207668,7297043.0
Jordan,2009,,3270.0,2.79012172938629,73.3197634332712,16.5250086668396,7141753.0
Jordan,2008,32.6,2910.0,4.72560086199387,78.4345636727236,16.4730857996935,6989866.0
Jordan,2007,,2500.0,1.84052436528839,91.6320592187152,16.4138682264815,6827227.0
Jordan,2006,33.9,2340.0,1.4032017956128,91.7685988347041,16.7669976438237,6427371.0
Jordan,2005,,2240.0,5.50057037395844,88.0918929819844,18.1358316397948,6029587.0
Kazakhstan,2022,,9420.0,1.70100297910589,25.0218936908866,12.4484039740407,20034609.0
Kazakhstan,2021,29.2,8540.0,2.91864170117744,26.0102223624021,13.137158733548,19743603.0
Kazakhstan,2020,28.7,8380.0,-3.86406094514987,25.6352310952022,14.0987564007676,19482117.0
Kazakhstan,2019,28.0,8500.0,2.99405538115775,24.2664786023711,14.7435891592918,19209555.0
Kazakhstan,2018,27.8,7790.0,2.5560669084423,25.9325339763811,15.2135867431193,18932727.0
Kazakhstan,2017,27.5,7780.0,2.49076945691363,29.1875977429896,2.81266379913666,18651931.0
Kazakhstan,2016,27.2,8500.0,-0.438395201172128,33.0302298204433,2.96311695081303,18363600.0
Kazakhstan,2015,26.8,11040.0,-0.299093532608879,37.7291069327005,2.97519971906618,18084169.0
Kazakhstan,2014,27.0,11720.0,2.6806378826727,,3.40526115207299,17816285.0
Kazakhstan,2013,27.1,11490.0,4.48819679131283,,3.29624372426097,17556502.0
Kazakhstan,2012,28.2,9640.0,3.34601033412712,,3.31380424647645,17306106.0
Kazakhstan,2011,28.0,8030.0,5.95764573473487,,3.34876124813484,17066002.0
Kazakhstan,2010,28.0,7210.0,5.91730119035698,,3.28378983159848,16836810.0
Kazakhstan,2009,28.2,6580.0,0.0228479849101006,,3.38553660960695,16619846.0
Kazakhstan,2008,28.5,5870.0,2.23526924918258,,3.47964720057782,16426525.0
Kazakhstan,2007,30.1,4740.0,7.871783713981,,3.29674486057069,16257214.0
Kazakhstan,2006,30.2,3670.0,9.76786673957737,,3.08186548339146,16103716.0
Kazakhstan,2005,39.8,2780.0,8.88963565884097,,3.96026418116281,15968117.0
Kenya,2022,38.5,2170.0,2.86281276489714,31.2584163915549,4.50609721979159,54252461.0
Kenya,2021,38.7,2070.0,5.5651365159048,31.1231240199267,4.58748945688963,53219166.0
Kenya,2020,36.2,1910.0,-2.2103217118529,32.1498074208935,4.85731380649054,52217334.0
Kenya,2019,,1880.0,3.07004769448449,30.8320287701597,4.96949344502392,51202827.0
Kenya,2018,,1720.0,3.52404781491717,31.1986897673001,5.17144699792992,50207107.0
Kenya,2017,,1540.0,1.60475183361922,33.1505993031106,5.36574832342722,49197766.0
Kenya,2016,,1490.0,1.93794795580835,35.5710732134397,5.51630701538472,48139687.0
Kenya,2015,40.8,1320.0,2.65589352795405,36.6993293508397,5.72035862484332,47088526.0
Kenya,2014,,1250.0,2.59218353342239,34.5220651778387,5.59007849094665,46051440.0
Kenya,2013,,1130.0,1.26331129067221,28.3321722043471,5.36825325876229,44986791.0
Kenya,2012,,1060.0,1.87670753904403,26.4022341140294,5.25320781242684,43888303.0
Kenya,2011,,1010.0,2.26952218964762,27.3659528452877,4.96662661654739,42758461.0
Kenya,2010,,930.0,4.96811299885232,23.9866365463318,4.69743745867444,41598567.0
Kenya,2009,,830.0,0.232598394599862,21.8748215770177,4.4042589052143,40408891.0
Kenya,2008,,830.0,-2.7588645638462,25.380611749054,4.1226203972595,39206351.0
Kenya,2007,,710.0,3.66978666216018,23.0449642815856,3.56554202243619,38036349.0
Kenya,2006,,590.0,3.27715457506901,22.8883109960388,2.74180327532537,36904008.0
Kenya,2005,46.4,520.0,2.70244103195117,26.2768754700489,2.65562605111251,35796484.0
Kiribati,2022,,3610.0,2.88966132985202,,,130469.0
Kiribati,2021,,3150.0,6.55480705923502,,,128377.0
Kiribati,2020,,3070.0,-3.16991324997066,,,126099.0
Kiribati,2019,27.8,3610.0,1.73347401094057,,,123921.0
Kiribati,2018,,3280.0,1.94611498374204,,,122084.0
Kiribati,2017,,3130.0,2.19903908915526,,,120275.0
Kiribati,2016,,2990.0,5.58490333887225,,,118478.0
Kiribati,2015,,3490.0,9.84707092632536,,,116815.0
Kiribati,2014,,3260.0,-0.0428972459236832,,,115326.0
Kiribati,2013,,3040.0,6.26028947416073,,5.73904559671727,113838.0
Kiribati,2012,,2630.0,4.26113729441184,,5.86665102226394,112284.0
Kiribati,2011,,2110.0,1.45038004681834,,5.98650044150441,110647.0
Kiribati,2010,,2030.0,-0.857158610176697,,,108704.0
Kiribati,2009,,1850.0,-1.58315258146997,,,106467.0
Kiribati,2008,,1860.0,-4.98978666488051,,,104222.0
Kiribati,2007,,1790.0,0.984244992784554,,,102068.0
Kiribati,2006,37.0,1670.0,3.68079200082892,,,100017.0
Kiribati,2005,,1620.0,-0.722362780004488,,,98035.0
"Korea, Dem. People's Rep.",2022,,,,,,26328845.0
"Korea, Dem. People's Rep.",2021,,,,,,26232534.0
"Korea, Dem. People's Rep.",2020,,,,,,26136312.0
"Korea, Dem. People's Rep.",2019,,,,,,26037632.0
"Korea, Dem. People's Rep.",2018,,,,,,25931147.0
"Korea, Dem. People's Rep.",2017,,,,,,25817709.0
"Korea, Dem. People's Rep.",2016,,,,,,25698326.0
"Korea, Dem. People's Rep.",2015,,,,,,25575350.0
"Korea, Dem. People's Rep.",2014,,,,,,25451262.0
"Korea, Dem. People's Rep.",2013,,,,,,25329451.0
"Korea, Dem. People's Rep.",2012,,,,,,25211728.0
"Korea, Dem. People's Rep.",2011,,,,,,25097874.0
"Korea, Dem. People's Rep.",2010,,,,,,24987258.0
"Korea, Dem. People's Rep.",2009,,,,,,24878332.0
"Korea, Dem. People's Rep.",2008,,,,,,24764618.0
"Korea, Dem. People's Rep.",2007,,,,,,24646383.0
"Korea, Dem. People's Rep.",2006,,,,,,24524507.0
"Korea, Dem. People's Rep.",2005,,,,,,24396433.0
"Korea, Rep.",2022,,38590.0,2.92034561376229,162.769501736717,12.916581643082,51672569.0
"Korea, Rep.",2021,32.9,37450.0,4.747751556973,159.926120236306,13.588254959598,51769539.0
"Korea, Rep.",2020,32.7,35000.0,-0.837051834035137,154.747902042613,14.2939892742807,51836239.0
"Korea, Rep.",2019,33.2,35790.0,1.95849636720857,142.652478447088,15.0314609227362,51764822.0
"Korea, Rep.",2018,33.7,34610.0,2.72979572830845,133.504139589217,15.2434309256593,51585058.0
"Korea, Rep.",2017,34.9,31940.0,3.14298545917306,129.53913562367,15.4055423946644,51361911.0
"Korea, Rep.",2016,35.2,30850.0,2.76290075939411,128.040688171137,16.2136509339786,51217803.0
"Korea, Rep.",2015,,30130.0,2.37903405951899,125.858810840683,16.7494435777102,51014947.0
"Korea, Rep.",2014,31.2,29480.0,2.5683693516693,125.488630227146,17.2024059571181,50746659.0
"Korea, Rep.",2013,,28210.0,2.82226288554209,122.756788077341,18.0300537150579,50428893.0
"Korea, Rep.",2012,31.6,26780.0,2.00997301929048,125.135860183943,18.3302093125262,50199853.0
"Korea, Rep.",2011,,24590.0,2.89375816160189,127.08181388669,18.2609271004668,49936638.0
"Korea, Rep.",2010,32.0,23250.0,6.44997750684229,124.679568065827,18.2440368033252,49554112.0
"Korea, Rep.",2009,,22960.0,0.302292304284919,132.599106034348,18.2585343994598,49307835.0
"Korea, Rep.",2008,32.3,24840.0,2.22523680909987,136.196660706156,18.7660558118964,49054708.0
"Korea, Rep.",2007,,24390.0,5.30856236809566,124.027715958864,18.3826407649587,48683638.0
"Korea, Rep.",2006,31.7,21610.0,4.6937077744137,117.535674488688,17.9109692989323,48438292.0
"Korea, Rep.",2005,,19230.0,4.13723386737684,106.121988835135,17.4263723557427,48184561.0
Kosovo,2022,38.3,5600.0,5.33909761737917,52.7823854236435,14.5942580581153,1768096.0
Kosovo,2021,49.4,5130.0,10.9981400491097,50.7890550974276,15.0745544392409,1786079.0
Kosovo,2020,57.4,4440.0,-5.40690184268419,51.6243424179382,16.7524628647722,1790151.0
Kosovo,2019,40.2,4640.0,5.23669676312298,46.6721823532646,16.5330066547173,1788891.0
Kosovo,2018,44.6,4300.0,3.05752931278261,44.460620500851,16.9456613993903,1797086.0
Kosovo,2017,44.2,3950.0,4.03838879864328,41.6607425829676,17.585561515107,1791019.0
Kosovo,2016,26.7,3930.0,6.20761650241487,38.953865364003,20.4469154474943,1777568.0
Kosovo,2015,26.5,3930.0,7.36815111994392,37.2957521848477,20.7719616285218,1788274.0
Kosovo,2014,27.3,3900.0,3.65273027273803,37.0118627742791,20.7856058553877,1812788.0
Kosovo,2013,26.3,3800.0,4.70387084053738,36.6983135002796,22.3579873909954,1818119.0
Kosovo,2012,29.0,3540.0,0.857974394903721,37.8965812042422,23.5112808642443,1807126.0
Kosovo,2011,27.8,3390.0,6.12959202990389,38.4763346418186,23.8810462816213,1791949.0
Kosovo,2010,33.3,3120.0,5.28831482675317,38.6898568093694,24.0959748100214,1788743.0
Kosovo,2009,31.8,,5.39636701673933,38.709896491869,24.0680592089734,1794681.0
Kosovo,2008,,,,36.0884257938788,24.053204760833,1800858.0
Kosovo,2007,,,,,24.0531489516385,1807094.0
Kosovo,2006,30.3,,,,24.1068826312624,1813079.0
Kosovo,2005,31.2,,,,24.2694391574525,1818354.0
Kuwait,2022,,39120.0,1.43711284054184,,12.4683490074071,4589643.0
Kuwait,2021,,35990.0,2.59077518987651,,12.677167139351,4360865.0
Kuwait,2020,,33150.0,-3.90774915473197,,11.811237274988,4400267.0
Kuwait,2019,,35680.0,-0.471027490632153,91.9570581282983,12.0597892494943,4442316.0
Kuwait,2018,,32340.0,-1.26570110779524,90.6280713315415,12.7482082011514,4323515.0
Kuwait,2017,,30650.0,-8.16879129164303,98.699107218372,13.3115653721401,4154812.0
Kuwait,2016,,34920.0,-1.43152053599024,105.186812834562,13.6105474181075,4004096.0
Kuwait,2015,,41830.0,-3.83270102171981,98.5107903934076,13.8553352680697,3834574.0
Kuwait,2014,,51350.0,-3.83157244878866,67.6407157377814,14.2549347079763,3665876.0
Kuwait,2013,,53530.0,-3.77371634598551,59.751887354111,14.0558015320824,3507844.0
Kuwait,2012,,50830.0,0.0983286715542846,55.7433682729455,14.5637861596244,3337109.0
Kuwait,2011,,44350.0,2.99936488052495,60.8062581893838,16.0067812790612,3132814.0
Kuwait,2010,,42850.0,-7.27588260300011,74.6393830657528,15.9335539902518,2943372.0
Kuwait,2009,,45410.0,-11.8648164745831,79.0719269941829,15.915109459549,2795484.0
Kuwait,2008,,51800.0,-3.06795857769427,57.2649281419896,15.4319079427338,2651421.0
Kuwait,2007,,47510.0,-0.0585846444072189,59.5793877338048,15.2922233526439,2507887.0
Kuwait,2006,,42460.0,1.6976352381691,49.9541424184326,14.5058625527518,2364733.0
Kuwait,2005,,35740.0,6.67935670476243,50.9326670396555,13.7578944108405,2236788.0
Kyrgyz Republic,2022,26.4,1540.0,7.03042869604123,20.7968569789079,7.4579190743607,6975220.0
Kyrgyz Republic,2021,28.8,1270.0,3.58776993335192,24.1631715005894,7.54678556495913,6851224.0
Kyrgyz Republic,2020,29.0,1210.0,-9.03157714073227,26.6168221726631,7.75553982840116,6726596.0
Kyrgyz Republic,2019,29.7,1240.0,2.28120088774463,23.30019174134,8.15638253387073,6590211.0
Kyrgyz Republic,2018,27.7,1200.0,1.54586820248004,23.3748120920843,8.25781174671334,6444079.0
Kyrgyz Republic,2017,27.3,1090.0,2.55837834194257,21.4014706830143,8.32405145134919,6306696.0
Kyrgyz Republic,2016,26.8,1090.0,2.04985149948004,20.6133934551959,8.5575354494067,6175338.0
Kyrgyz Republic,2015,29.0,1160.0,1.56807607660568,22.8152642735408,8.40191165862188,6040036.0
Kyrgyz Republic,2014,26.8,1230.0,1.75718622899099,20.0519633598482,7.98892135700776,5905848.0
Kyrgyz Republic,2013,28.8,1180.0,8.51417444984632,15.6624944687285,7.94570147769608,5777150.0
Kyrgyz Republic,2012,27.4,1030.0,-1.95288116304553,13.3711059406232,7.79885079658395,5652076.0
Kyrgyz Republic,2011,27.8,870.0,4.43705345314649,11.4882726388139,7.23759584897655,5546587.0
Kyrgyz Republic,2010,30.1,850.0,-1.88093371727501,13.6444808173144,6.16871297613926,5467059.0
Kyrgyz Republic,2009,29.9,860.0,1.53257250259469,13.7282828488358,6.99078742783217,5389643.0
Kyrgyz Republic,2008,31.5,760.0,7.37554930252675,13.7738524922404,6.89849596492305,5318729.0
Kyrgyz Republic,2007,33.9,610.0,7.51249331031009,6.3510543411204,6.49567088307269,5268385.0
Kyrgyz Republic,2006,37.4,500.0,2.00174444436951,10.5575505645426,5.39674159841979,5218373.0
Kyrgyz Republic,2005,32.6,450.0,-1.29558825808593,7.94670492927595,5.38810460449174,5162640.0
Lao PDR,2022,,2300.0,1.2697005231296,,,7559007.0
Lao PDR,2021,,2500.0,1.06109059992194,,3.06518077635758,7453194.0
Lao PDR,2020,,2470.0,-0.986715601107164,,3.14553870037888,7346533.0
Lao PDR,2019,,2520.0,3.86091278109465,,3.12692767984809,7237636.0
Lao PDR,2018,38.8,2460.0,4.60986171989208,,3.12714214414261,7128045.0
Lao PDR,2017,,2240.0,5.2271106715724,,3.04255906262136,7018147.0
Lao PDR,2016,,2110.0,5.36288912313843,,2.95511206345769,6908802.0
Lao PDR,2015,,1960.0,5.71702901311374,,2.86419759614505,6801645.0
Lao PDR,2014,,1810.0,6.13842534644749,,2.83721416193197,6703172.0
Lao PDR,2013,,1590.0,6.51642199042166,,2.69425460567857,6611385.0
Lao PDR,2012,36.0,1350.0,6.49513527103458,,2.66182042605616,6518978.0
Lao PDR,2011,,1130.0,6.48536557882839,,2.50709640870493,6426590.0
Lao PDR,2010,,990.0,6.94116593325336,20.9192615607493,2.49369108500499,6334194.0
Lao PDR,2009,,880.0,5.90563851314371,17.2418186461681,2.30344757758315,6241642.0
Lao PDR,2008,,740.0,6.19878841672832,9.56628324453861,,6148969.0
Lao PDR,2007,35.4,600.0,5.94392449426221,6.54326011608132,,6056236.0
Lao PDR,2006,,500.0,6.91294627933061,5.87385055148659,,5963200.0
Lao PDR,2005,,450.0,5.50361623488958,7.3547831441171,,5869523.0
Latvia,2022,33.7,20630.0,2.18545852350196,30.9985884793983,5.16716080267432,1879383.0
Latvia,2021,34.3,19310.0,7.8481957927218,32.452830258812,6.54083113838135,1884490.0
Latvia,2020,35.7,17350.0,-2.78996380720736,34.7313232736821,6.98679495753027,1900449.0
Latvia,2019,34.5,17010.0,1.37774612596324,35.718874565601,9.65940683811701,1913822.0
Latvia,2018,35.1,16010.0,5.12560422080688,37.9065537383829,14.6191646191646,1927174.0
Latvia,2017,35.6,14360.0,4.31935869681359,43.6866052240662,16.4298736481865,1942248.0
Latvia,2016,34.3,14300.0,3.49318640044002,48.3668701185648,17.0880001925409,1959537.0
Latvia,2015,34.2,14580.0,4.63645212679371,49.9910230947156,18.0226693060261,1977527.0
Latvia,2014,35.1,14810.0,3.06097381676449,53.2195315549173,20.3721869012726,1993782.0
Latvia,2013,35.5,14340.0,3.19545170389934,60.3337746211285,21.5909190107751,2012647.0
Latvia,2012,35.2,13430.0,8.64449958601972,67.2042310187968,24.6409259933625,2034319.0
Latvia,2011,35.8,12470.0,4.92957999064132,82.8884474030274,32.7881106573252,2059709.0
Latvia,2010,35.0,12250.0,-1.63514379125596,96.644175615306,34.2177929190277,2097555.0
Latvia,2009,35.9,13360.0,-14.6423127971401,,35.3986150495771,2141669.0
Latvia,2008,37.2,12830.0,-2.36803650613602,,36.6329946162868,2177322.0
Latvia,2007,37.5,10730.0,11.3194013044585,,37.3458094823394,2200325.0
Latvia,2006,35.6,8590.0,13.8646922612695,,33.3994473813832,2218357.0
Latvia,2005,39.0,7120.0,12.8279409524173,,31.9175531343404,2238799.0
Lebanon,2022,35.5,4130.0,-1.07782192621244,,20.7870092238588,5744489.0
Lebanon,2021,,4770.0,-7.25697163046323,,23.1964282935161,5718122.0
Lebanon,2020,,6350.0,-20.1290983815185,,25.4242783505785,5702398.0
Lebanon,2019,,8630.0,-3.87037166908469,,26.4085369598827,5794594.0
Lebanon,2018,,8700.0,1.00112836973221,,25.9840390335963,5984119.0
Lebanon,2017,,8260.0,3.57185811074811,106.567725062094,24.7386123548272,6160128.0
Lebanon,2016,,7670.0,3.95420458700914,103.999348177296,23.7442236164857,6323060.0
Lebanon,2015,,7360.0,-1.48529943559267,100.566123866429,22.7070836119734,6472469.0
Lebanon,2014,,7440.0,-7.26145145442744,98.2255475847967,22.7189008363303,6346990.0
Lebanon,2013,,7880.0,-5.35004515636365,93.3172929302942,24.3772673668711,5743436.0
Lebanon,2012,,8000.0,-0.172272058447192,89.9553302724696,26.1831578898539,5235742.0
Lebanon,2011,31.8,7720.0,-0.215990101752055,89.987856569182,26.6186362332239,5096020.0
Lebanon,2010,,7340.0,6.92562408092621,82.528480012555,26.0478249931308,5041288.0
Lebanon,2009,,6620.0,8.75424197439401,72.0446936132977,25.675845462068,4992287.0
Lebanon,2008,,5860.0,7.27020382429338,76.2752727111609,25.5256425186827,4925354.0
Lebanon,2007,,5320.0,7.21242419520836,74.1064201249241,25.7767793845272,4844118.0
Lebanon,2006,,4870.0,-0.16111039140597,71.8110942239205,25.9966892451638,4751136.0
Lebanon,2005,,4910.0,1.106879785513,69.6695264463214,26.5247827170672,4671102.0
Lesotho,2022,,1270.0,1.28745564005285,21.6960639454113,3.5472616782095,2286110.0
Lesotho,2021,,1190.0,1.09935782526551,22.3287794465889,3.59159566614123,2261542.0
Lesotho,2020,,1170.0,-9.23727005298078,21.9341136983369,3.70975172317968,2235727.0
Lesotho,2019,,1290.0,-2.56925986092637,21.3224677858948,3.69823498311139,2209405.0
Lesotho,2018,,1250.0,-2.67593907523207,20.1314045454092,3.68701551398735,2183603.0
Lesotho,2017,44.9,1160.0,-4.33655999292874,20.0038403177699,3.74562539223058,2157110.0
Lesotho,2016,,1240.0,2.35363981271321,18.2128934613148,3.80260873308557,2130422.0
Lesotho,2015,,1280.0,1.92251059472272,18.2736366996778,3.71120697182976,2104611.0
Lesotho,2014,,1330.0,0.557309193389017,19.3315018437025,3.53967943778092,2080089.0
Lesotho,2013,,1440.0,0.696148188602265,19.9473003777666,3.58517172972585,2056504.0
Lesotho,2012,,1490.0,5.27066659627468,18.5687326980566,3.32768383373379,2034354.0
Lesotho,2011,,1350.0,3.69398595274109,14.3488582863768,3.36767339691092,2014009.0
Lesotho,2010,,1270.0,4.45925951436652,13.4113788716402,3.3276041791613,1996251.0
Lesotho,2009,,1190.0,-1.96870088552072,12.6072342040108,2.26689481529888,1980883.0
Lesotho,2008,,1310.0,4.81119838923493,10.0237879220093,2.21105987944986,1966541.0
Lesotho,2007,,1320.0,3.75025688346649,9.9923700762125,2.07449015415058,1953268.0
Lesotho,2006,,1160.0,4.65948787654852,7.36080443565175,1.93097255846623,1945063.0
Lesotho,2005,,1040.0,4.42249766024187,7.23312264139718,2.34256546460747,1953076.0
Liberia,2022,,680.0,2.585058275666,14.787430409394,3.04384950573908,5373294.0
Liberia,2021,,630.0,2.7936852774608,12.8996951357409,3.13370541732795,5259323.0
Liberia,2020,,570.0,-4.97470394166794,13.418605423168,2.92098729370527,5149463.0
Liberia,2019,,600.0,-4.38160849244818,14.3078715677321,3.10358954269643,5043721.0
Liberia,2018,,620.0,-0.802290167584516,16.9764079051885,3.17964125167638,4944726.0
Liberia,2017,,620.0,0.48341831127135,16.7523537949631,2.96385506459578,4848925.0
Liberia,2016,35.3,610.0,-3.54590251888713,13.0206645953549,2.91844174420856,4755608.0
Liberia,2015,,620.0,-2.06002320038729,12.7449494275786,2.98565562540982,4659431.0
Liberia,2014,33.2,620.0,-1.37370786861489,11.4404481833926,3.63169231066423,4564293.0
Liberia,2013,,610.0,6.3241100027268,11.8207741493068,3.66718230667344,4470239.0
Liberia,2012,,540.0,4.24345556941776,10.0467756206278,3.50012853920325,4373043.0
Liberia,2011,,500.0,4.04086635073222,10.3742636363462,3.60188152238967,4221178.0
Liberia,2010,,440.0,3.07117998186455,9.36698515953382,3.55244928220789,4058890.0
Liberia,2009,,410.0,2.04180167202995,7.9469631760414,2.84315530668169,3943028.0
Liberia,2008,,370.0,2.88473943454363,6.12664985588776,1.58302770810645,3821003.0
Liberia,2007,36.4,310.0,4.21343815918623,5.25937488093712,1.06565035914839,3669050.0
Liberia,2006,,270.0,2.17024627280136,4.74413233794056,0.812319227240719,3490787.0
Liberia,2005,,240.0,0.684612867093762,3.80967005163199,,3301015.0
Libya,2022,,6010.0,-9.42490206992071,10.7185706773584,12.2826533315264,7223805.0
Libya,2021,,6950.0,26.6853936559494,11.0391738497626,12.1667982475637,7135175.0
Libya,2020,,7000.0,-30.4001717408883,21.8337391546377,12.154899829576,7045399.0
Libya,2019,,10100.0,-12.4989174222368,14.6289531807933,12.1865890606138,6951033.0
Libya,2018,,11000.0,6.20327204937865,12.8465423346937,12.0919172078632,6849055.0
Libya,2017,,9760.0,30.3950611263495,14.7896283143846,12.2493449435952,6738770.0
Libya,2016,,7670.0,-2.98083261952721,18.8829258302328,12.4590709099452,6632126.0
Libya,2015,,8370.0,-2.43005265175647,21.5199787186929,12.5756099701701,6531819.0
Libya,2014,,9130.0,-24.5110536856449,19.3187188616,12.7928098637373,6427252.0
Libya,2013,,11960.0,-19.6276937990081,13.7369369068516,13.0652472542682,6304628.0
Libya,2012,,13310.0,91.7813702690939,9.33808515595023,12.9306531340954,6179328.0
Libya,2011,,6080.0,-49.1278565212286,14.1819194729211,11.6325975402685,6343203.0
Libya,2010,,11550.0,2.90736772244718,9.26018623627628,10.8267818126756,6497839.0
Libya,2009,,11140.0,-6.37107364350932,11.1782655695724,10.627687395001,6366686.0
Libya,2008,,12020.0,-2.26034195363675,7.29914417131654,10.5691328360391,6235430.0
Libya,2007,,10500.0,4.06916207450483,6.15367601264239,10.7027931218606,6104380.0
Libya,2006,,8540.0,4.3383026664543,6.00761862776023,10.6656427649612,5980211.0
Libya,2005,,6760.0,9.53922388994984,7.38438933023316,8.94624899230099,5858798.0
Liechtenstein,2022,,,,,,39493.0
Liechtenstein,2021,,,,,,39182.0
Liechtenstein,2020,,,,,,38901.0
Liechtenstein,2019,,,,,,38563.0
Liechtenstein,2018,,,,,,38246.0
Liechtenstein,2017,,,,,,37962.0
Liechtenstein,2016,,,,,,37716.0
Liechtenstein,2015,,,,,,37494.0
Liechtenstein,2014,,,,,,37248.0
Liechtenstein,2013,,,,,,36984.0
Liechtenstein,2012,,,,,,36657.0
Liechtenstein,2011,,,,,,36312.0
Liechtenstein,2010,,,,,,36022.0
Liechtenstein,2009,,116380.0,-1.90138748845943,,,35742.0
Liechtenstein,2008,,121890.0,1.19257451932671,,,35473.0
Liechtenstein,2007,,112050.0,2.66666052628214,,,35262.0
Liechtenstein,2006,,103870.0,7.76432322419438,,,35037.0
Liechtenstein,2005,,92620.0,3.90506605911179,,,34753.0
Lithuania,2022,36.6,23760.0,1.695285500032,35.6991095636078,10.5516599679613,2831639.0
Lithuania,2021,36.7,22050.0,6.45535837727842,37.2020567095125,11.1129913394438,2808380.0
Lithuania,2020,36.0,19800.0,0.068446214406265,37.0340108299265,10.4057264355584,2810369.0
Lithuania,2019,35.3,19200.0,4.97938353929399,38.7394336544601,10.0601038589969,2811089.0
Lithuania,2018,35.7,17550.0,5.79066548228593,39.993553498832,11.4486530009729,2819200.0
Lithuania,2017,37.3,15260.0,5.88872606993294,40.9797374311557,13.6068757866475,2842639.0
Lithuania,2016,38.4,14890.0,3.87744054624235,42.7658484020997,13.4389331202711,2877325.0
Lithuania,2015,37.4,15220.0,3.75632420325671,41.452200938262,14.543169242607,2911109.0
Lithuania,2014,37.7,16020.0,4.62035286553186,41.0078195548277,16.2398745180408,2937253.0
Lithuania,2013,35.3,15310.0,5.026825169489,43.2212775427398,18.0889302475809,2961250.0
Lithuania,2012,35.1,14040.0,5.74397608423232,46.7563131176007,19.2925893713518,2989139.0
Lithuania,2011,32.5,13200.0,8.75223892258067,49.8995105232055,19.0173270701387,3028115.0
Lithuania,2010,33.6,12430.0,2.5553360476174,59.4105561876374,29.0914663009309,3097282.0
Lithuania,2009,37.2,12480.0,-13.8877568111501,,29.5148620170896,3162916.0
Lithuania,2008,35.7,12670.0,3.66012476803633,,29.6831544775599,3198231.0
Lithuania,2007,34.8,10590.0,12.4053451378162,,29.8857731970875,3231294.0
Lithuania,2006,34.4,8810.0,9.12367697158992,,27.9186687210914,3269909.0
Lithuania,2005,35.3,7580.0,9.50010821862925,,25.4816851743218,3322528.0
Luxembourg,2022,34.1,84190.0,-3.07197647023996,102.548904653446,52.3719206492663,653103.0
Luxembourg,2021,32.7,86850.0,5.31843087794495,102.997694439279,56.6697509875401,640064.0
Luxembourg,2020,33.4,80090.0,-2.15417448261604,110.212149628241,59.8483589844281,630419.0
Luxembourg,2019,34.2,79280.0,0.752174049392224,109.012204271952,64.9194748821174,620001.0
Luxembourg,2018,35.4,80120.0,-0.329840314332458,105.495019442592,68.6178982925906,607950.0
Luxembourg,2017,34.5,75800.0,-1.11611347517193,100.473133493731,71.8291626400319,596336.0
Luxembourg,2016,31.7,73730.0,2.73979148676671,96.2530859448861,76.8254255183662,582014.0
Luxembourg,2015,32.9,73530.0,-0.11547655084216,91.7840511552667,77.0133952807201,569604.0
Luxembourg,2014,31.2,86760.0,0.232565199204004,86.3059645397737,79.6773176598621,556319.0
Luxembourg,2013,32.0,85160.0,0.814651722760445,86.66145807119,81.7442313826959,543360.0
Luxembourg,2012,34.3,87950.0,-0.762183314011807,83.5829451760101,82.9036727462693,530946.0
Luxembourg,2011,32.1,79210.0,-1.17679800508684,84.1766300496446,85.9200803165968,518347.0
Luxembourg,2010,30.5,77640.0,1.88354824324517,86.1171271698051,88.6463227349068,506953.0
Luxembourg,2009,31.2,70650.0,-5.01426307607777,100.973750998797,90.9673349016232,497783.0
Luxembourg,2008,32.6,86000.0,-2.066473342352,101.153326883708,94.6477803971711,488650.0
Luxembourg,2007,31.1,85730.0,6.44203099589529,85.3118398397658,97.6002568696055,479993.0
Luxembourg,2006,30.9,71370.0,4.33910866629117,74.7241152133084,100.596840014726,472637.0
Luxembourg,2005,30.8,73180.0,0.926765993724189,71.2724479975652,105.296770635132,465158.0
"Macao SAR, China",2022,,45390.0,-18.3347299128809,287.359828906794,44.4138969901563,677300.0
"Macao SAR, China",2021,,46330.0,22.9825542159725,232.523915658475,38.0371467705098,682500.0
"Macao SAR, China",2020,,43910.0,-55.2935602758164,269.837324968806,38.3195992667493,685400.0
"Macao SAR, China",2019,,71690.0,-4.36234107753577,119.791555781742,38.7073496674846,672000.0
"Macao SAR, China",2018,,72850.0,4.66426775869004,113.85829727128,38.2220863214709,658900.0
"Macao SAR, China",2017,,66940.0,10.6136017665803,113.628459884464,37.9145550365876,648400.0
"Macao SAR, China",2016,,59670.0,-2.16245351057516,117.673690461951,36.6952277856265,652500.0
"Macao SAR, China",2015,,57990.0,-24.3342148018188,108.511704087234,37.1220176469491,642900.0
"Macao SAR, China",2014,,68530.0,-6.73432773895128,77.347359124031,36.8061378978004,621700.0
"Macao SAR, China",2013,,67830.0,6.28976356008269,62.51508476181,35.8956247865079,591900.0
"Macao SAR, China",2012,,60370.0,5.6980527343963,57.5709317925641,35.134344705215,567900.0
"Macao SAR, China",2011,,54620.0,18.8340221202044,56.1253216995756,35.2709651819461,549600.0
"Macao SAR, China",2010,,45370.0,24.6371741633376,56.8660267414696,34.8344436382824,537000.0
"Macao SAR, China",2009,,35520.0,2.37763323141643,57.4558050087889,35.1184876489343,535000.0
"Macao SAR, China",2008,,32190.0,-0.393635324657993,53.2820474504711,35.2266947893113,540700.0
"Macao SAR, China",2007,,33070.0,9.64668162095835,47.3115190206572,35.1550015979546,520900.0
"Macao SAR, China",2006,,25920.0,7.61914824490131,40.9151570403482,35.3289025989269,498900.0
"Macao SAR, China",2005,,24430.0,3.78678679303218,43.901689678181,33.7918667663157,473500.0
Madagascar,2022,,500.0,1.6026818003365,18.6393439604551,2.88211368009669,30437261.0
Madagascar,2021,36.8,470.0,2.05115869903585,17.8524446782585,2.88755578161427,29691083.0
Madagascar,2020,,450.0,-9.49182579621846,16.4151092015642,2.45088906147641,28953556.0
Madagascar,2019,,500.0,1.73013722889858,14.2116915537463,2.39264185700991,28219554.0
Madagascar,2018,,480.0,0.542519018708518,12.9668768989013,2.31698228732616,27494926.0
Madagascar,2017,,450.0,1.26236994297058,12.706122619847,2.2541656820793,26788375.0
Madagascar,2016,,450.0,1.31063593376801,11.8878140256576,2.13965018314276,26099952.0
Madagascar,2015,,470.0,0.445748708056158,12.3105923900588,2.00270667178409,25426702.0
Madagascar,2014,,500.0,0.605710119846222,11.6677588601475,1.84157666728029,24764348.0
Madagascar,2013,,490.0,-0.444341802421619,11.0832879408739,1.62507392439322,24109290.0
Madagascar,2012,42.6,470.0,0.20064094160324,10.1166938504563,1.55931159572228,23462438.0
Madagascar,2011,,460.0,-1.26548226968092,10.1802537806207,1.4800860298047,22822300.0
Madagascar,2010,42.4,450.0,-2.26580252727942,10.8686616139204,1.41813442228769,22183340.0
Madagascar,2009,,450.0,-6.7569485520622,10.1415792882143,1.3668090300293,21547280.0
Madagascar,2008,,430.0,3.62579150838536,9.70217947833008,1.29259782146084,20923840.0
Madagascar,2007,,360.0,2.65309950729227,8.77598082046617,1.2291942057759,20318583.0
Madagascar,2006,,310.0,2.34726337803239,8.781580280411,1.10399513574177,19730909.0
Madagascar,2005,39.9,320.0,1.7317720668288,8.4956383039294,1.08366071714556,19159707.0
Malawi,2022,,610.0,-1.63749399398691,8.6470490751732,1.92929080891834,20568728.0
Malawi,2021,,600.0,1.88076432929152,8.23959919600957,1.99890254943215,20047258.0
Malawi,2020,,560.0,-1.82835240679078,7.85314893803138,2.07265043292257,19533888.0
Malawi,2019,38.5,540.0,2.9515101541935,7.22074169557393,2.27363274761763,19025752.0
Malawi,2018,,490.0,1.60299745635619,6.81764864429292,2.29809009972922,18528081.0
Malawi,2017,,480.0,1.22138049385239,7.47835094183135,2.2272604624794,18039715.0
Malawi,2016,44.7,490.0,-0.256367435160101,8.00930921941906,3.01345332446286,17557739.0
Malawi,2015,,510.0,0.00792518281976129,9.1724038585019,3.38867995065645,17085587.0
Malawi,2014,,530.0,2.70386402914775,7.83598581016284,3.33085758404657,16621538.0
Malawi,2013,,590.0,2.46076368480048,8.55708608442318,3.34374866381124,16161816.0
Malawi,2012,,650.0,-0.983601161818072,10.0146736585562,3.34979053003411,15709577.0
Malawi,2011,,710.0,1.91798932347378,9.57361410198919,1.0875235223305,15265022.0
Malawi,2010,45.5,650.0,3.76961752338009,9.50299344202592,2.92291980880546,14826463.0
Malawi,2009,,590.0,5.17234875360792,7.47258448999146,2.31090558122866,14395788.0
Malawi,2008,,530.0,4.5585561584534,6.26229916413705,2.19735783798211,13976417.0
Malawi,2007,,480.0,6.55134655734449,3.76433782428077,1.95243376368457,13576343.0
Malawi,2006,,440.0,1.85481455109522,3.50616786561297,0.931455725580724,13198701.0
Malawi,2005,,430.0,0.539880654549222,2.7779338413945,0.941061737703798,12840031.0
Malaysia,2022,,11620.0,7.73357563754043,113.070470558095,8.20776044130773,34695493.0
Malaysia,2021,40.7,10520.0,2.13146199778431,127.260894609567,8.45937989806989,34282399.0
Malaysia,2020,,10110.0,-6.7093351308522,133.816995520751,8.72722955687698,33889558.0
Malaysia,2019,,10750.0,2.75950122381441,120.706946299114,9.80610101521283,33440596.0
Malaysia,2018,41.2,10200.0,3.07401779071937,120.276311883907,9.9621931926637,32910967.0
Malaysia,2017,,9560.0,3.96186564548185,117.167568374282,9.9492813989938,32355644.0
Malaysia,2016,,9800.0,2.62004557566016,121.979820601963,10.1626765902049,31789685.0
Malaysia,2015,41.1,10350.0,3.28578556272301,123.10362963114,10.4272703058184,31232798.0
Malaysia,2014,,10840.0,4.20447757863825,120.578651022847,10.5517794310851,30696137.0
Malaysia,2013,41.3,10590.0,2.91923259894287,119.899693910412,10.719490206733,30174265.0
Malaysia,2012,,9980.0,3.69276569143121,114.124529817132,10.9173305362422,29662831.0
Malaysia,2011,43.6,8890.0,3.46597439015295,108.425936705379,11.025851221126,29162039.0
Malaysia,2010,,8130.0,5.43424070379723,107.122752573885,10.7058679301167,28655776.0
Malaysia,2009,,7500.0,-3.45602642616269,111.606889987937,10.9426595216292,28124778.0
Malaysia,2008,45.5,7420.0,2.65806478779189,96.7482535065206,11.1421125578358,27570059.0
Malaysia,2007,,6560.0,4.01330440274728,101.580075160148,11.3812268508984,26998389.0
Malaysia,2006,44.8,5790.0,3.25940653936949,103.663830374316,11.710657089758,26417909.0
Malaysia,2005,,5240.0,2.97037127170485,106.524431907379,12.6587965719035,25836071.0
Maldives,2022,,10570.0,12.0990628027296,35.2169697593796,14.8695622498379,524106.0
Maldives,2021,,9350.0,33.7685588624398,39.3089828252313,14.9434354223113,516154.0
Maldives,2020,,7050.0,-34.8311671109222,53.3551626912335,15.1611179460413,502118.0
Maldives,2019,29.3,10730.0,3.71535274800274,31.539334008471,15.222244773696,487731.0
Maldives,2018,,10220.0,5.16982903680598,31.0378663786162,14.4072214232763,473099.0
Maldives,2017,,9400.0,3.57472677178792,31.1989633144231,14.4377976093186,458287.0
Maldives,2016,31.3,8720.0,2.73896015037067,30.3476225372342,12.7973245060233,443308.0
Maldives,2015,,8210.0,0.341527920426657,29.1014786368811,10.7255219754028,428154.0
Maldives,2014,,7720.0,4.32797689766733,28.954899775636,10.9616498849027,413617.0
Maldives,2013,,7050.0,3.43150186988382,31.2161620904851,11.1379367954845,400070.0
Maldives,2012,,6810.0,-1.08988000428648,35.1187463614201,11.5847217963133,386818.0
Maldives,2011,,6720.0,5.0911686527859,42.428163613364,11.7307890555293,373674.0
Maldives,2010,,6000.0,3.08074681818198,47.6844927907076,11.9078185992684,360792.0
Maldives,2009,38.4,5490.0,-11.5265024869526,53.7810073138324,12.5082574043021,348275.0
Maldives,2008,,5500.0,5.18657527149283,57.7343406855571,12.7746024420095,336170.0
Maldives,2007,,4570.0,3.62432861281428,54.630228766986,12.6440440012731,324479.0
Maldives,2006,,4710.0,20.7066430063115,42.6367076619964,12.4598515893233,313851.0
Maldives,2005,,3660.0,-12.6312667876355,38.8425780859539,10.6353664608884,306429.0
Mali,2022,,1000.0,0.628812173551424,,4.10663919520599,23072640.0
Mali,2021,35.7,960.0,-0.00652431043852175,,4.40841041398445,22388630.0
Mali,2020,,930.0,-4.1067984565496,,4.50551642481066,21713836.0
Mali,2019,,960.0,1.87829272937594,,4.78725405715125,21068405.0
Mali,2018,36.0,930.0,1.64097526491582,,4.84631263533906,20442030.0
Mali,2017,,860.0,2.06891771144161,,4.9725072168618,19813011.0
Mali,2016,,870.0,2.70047363998611,,5.87374538859463,19191289.0
Mali,2015,,890.0,2.96620762317433,18.9673914754207,5.8529131012671,18593022.0
Mali,2014,,900.0,3.18909645758293,17.2888124039355,5.45263568560256,18020267.0
Mali,2013,,880.0,0.317423676118025,15.8426338045436,4.89431058435921,17459615.0
Mali,2012,,830.0,-3.91930567411303,14.5516666992624,4.65510047895426,16957033.0
Mali,2011,,830.0,-0.338811373050731,14.4095660038439,4.10084669446867,16469049.0
Mali,2010,,810.0,2.20222024869554,13.3827178765249,3.52370398106613,15945198.0
Mali,2009,33.0,770.0,2.07458358612229,12.9573836761373,3.09978716886398,15435539.0
Mali,2008,,720.0,0.28826876189116,13.129688341769,2.75296483326533,14940782.0
Mali,2007,,630.0,-1.5313774567599,13.3195222263467,2.86404320309263,14457775.0
Mali,2006,38.9,590.0,0.343315236896274,13.408075078041,2.54152997356809,13990139.0
Mali,2005,,550.0,-0.765580835290066,12.3105019522549,2.39454101324507,13538647.0
Malta,2022,34.6,34840.0,-0.0182292034453724,68.9601981982727,22.1125267464018,531113.0
Malta,2021,31.6,32440.0,12.829488461795,68.4096864844468,22.8670889307749,518150.0
Malta,2020,31.4,26910.0,-5.62564990910049,75.1280023683776,23.473443710682,515490.0
Malta,2019,31.0,29830.0,-0.0478838227421505,69.529324036704,27.228192848824,503912.0
Malta,2018,28.7,29030.0,3.46851614170217,69.089386493319,29.3105584733727,483903.0
Malta,2017,29.2,26690.0,9.92374326439017,70.8847611878873,31.8672740387941,467106.0
Malta,2016,29.1,23820.0,1.72282096153398,79.3205682926709,34.0460994349364,454505.0
Malta,2015,29.4,25470.0,6.97062722408066,83.4139059471266,36.9550111775896,444220.0
Malta,2014,29.0,24590.0,5.47839368855718,94.4910579811224,36.8466724517722,433481.0
Malta,2013,28.8,23330.0,5.09582251827085,99.874609163881,37.6761976526091,424810.0
Malta,2012,29.4,22450.0,3.16977820606121,108.605777284142,37.7610999586294,420028.0
Malta,2011,29.1,22030.0,0.565202297816086,116.944503536881,41.3144167640975,416268.0
Malta,2010,29.0,21390.0,5.6770062472165,115.005397490703,39.3662877307459,414508.0
Malta,2009,30.2,20050.0,-2.13584258309241,121.567126237187,39.9810375650406,412477.0
Malta,2008,29.0,20290.0,3.73344869647698,114.421619086191,39.8592794135487,409379.0
Malta,2007,29.2,17990.0,4.67071992966383,108.640486863941,38.2716410061644,406724.0
Malta,2006,28.0,16330.0,1.96401929019108,106.891026793591,37.1466644653828,405308.0
Malta,2005,,15380.0,2.22751799472962,97.7455797969685,38.9950586414241,403834.0
Marshall Islands,2022,,7580.0,2.4956900977942,,28.4940874768485,40077.0
Marshall Islands,2021,,6720.0,5.46615805932551,,24.9145785876993,41367.0
Marshall Islands,2020,,6610.0,0.18904949035759,,24.474668717877,42706.0
Marshall Islands,2019,35.5,6770.0,13.6597363046024,,24.0624248049225,44007.0
Marshall Islands,2018,,6040.0,8.38496134170197,,23.6518448438978,45285.0
Marshall Islands,2017,,5310.0,6.18444127953049,,23.2534963292695,46529.0
Marshall Islands,2016,,5060.0,4.84812588584671,,22.8975172549148,47709.0
Marshall Islands,2015,,4980.0,3.96521735177255,,22.620047825244,48800.0
Marshall Islands,2014,,4560.0,0.495281427303354,,22.4114746750336,49796.0
Marshall Islands,2013,,4350.0,5.32061452634225,,22.2278673948939,50681.0
Marshall Islands,2012,,3860.0,-0.35386854623583,,22.0507166482911,51419.0
Marshall Islands,2011,,3860.0,-0.239905288671963,,21.8777347168396,51907.0
Marshall Islands,2010,,3820.0,5.48848970412462,,18.5960018596002,52044.0
Marshall Islands,2009,,3730.0,3.68716247105003,,18.459266551809,52019.0
Marshall Islands,2008,,3630.0,-7.5574639701523,,18.362662586075,52030.0
Marshall Islands,2007,,3730.0,3.60283982880377,,15.2695067949305,52035.0
Marshall Islands,2006,,3540.0,0.0102519719929859,,12.2470224426686,51992.0
Marshall Islands,2005,,3610.0,1.56552229029398,,12.3384435053518,51906.0
Mauritania,2022,,2010.0,3.71273074709404,,11.3536148427181,4875637.0
Mauritania,2021,,1810.0,-2.12417721486563,,12.2186396655904,4734874.0
Mauritania,2020,,1720.0,-3.22895410596585,,12.1129310940098,4600131.0
Mauritania,2019,32.0,1720.0,0.139308524548838,22.7235411550392,12.3061384930436,4467708.0
Mauritania,2018,,1680.0,1.70257047246483,22.0411208947414,11.8387026097351,4337685.0
Mauritania,2017,,1550.0,3.14237147997393,21.0665741212812,9.37137177376745,4210600.0
Mauritania,2016,,1540.0,-1.72979667450247,20.2989097590812,9.35569431711519,4086657.0
Mauritania,2015,,1680.0,2.25580164537985,21.115578390201,8.01844061150971,3965959.0
Mauritania,2014,32.6,1780.0,1.18070235725725,19.5202997737568,7.60847881456189,3848514.0
Mauritania,2013,,1890.0,0.935521308544125,18.345839833704,7.30697759050265,3734318.0
Mauritania,2012,,1800.0,1.11502444521069,16.7663811866788,5.1002068035778,3619034.0
Mauritania,2011,,1640.0,0.846509288912657,16.5934473771108,4.52342682753983,3502811.0
Mauritania,2010,,1550.0,-0.603277391963445,18.2754030717281,4.53869807445734,3390965.0
Mauritania,2009,,1500.0,-2.98568728628379,19.977723344228,4.50580825188422,3284448.0
Mauritania,2008,35.7,1430.0,-3.15557609857845,19.2083942062677,4.4750689542637,3183269.0
Mauritania,2007,,1260.0,-4.48587322919337,16.2991786844733,4.2653879482586,3093059.0
Mauritania,2006,,1180.0,15.4039449102218,14.617422611558,,3013660.0
Mauritania,2005,,960.0,5.96595714778461,18.4014813125773,,2939059.0
Mauritius,2022,,11830.0,9.02116317337462,72.3686561202455,14.5746244431594,1262523.0
Mauritius,2021,,10890.0,3.37766873430745,85.4118917320828,15.061881598454,1266334.0
Mauritius,2020,,10760.0,-14.5484955921362,90.5603073567218,15.5176763469676,1266014.0
Mauritius,2019,,12700.0,2.85812532389771,76.9690468712456,16.4682182536795,1265985.0
Mauritius,2018,,12180.0,3.9500354872734,74.1953036771568,17.1504936547991,1265577.0
Mauritius,2017,36.8,11020.0,3.84430800639895,97.6771763770364,18.6219558679044,1264887.0
Mauritius,2016,,10650.0,3.79113070734437,92.3062681730232,20.4153797162946,1263747.0
Mauritius,2015,,10650.0,3.55335696562737,98.7466842871377,21.7439001472879,1262879.0
Mauritius,2014,,10710.0,3.63919007388208,95.5827424187746,22.516535270615,1261208.0
Mauritius,2013,,10360.0,3.11040555437714,103.699492267184,22.2954740187742,1258927.0
Mauritius,2012,38.5,9690.0,3.20949947880025,97.4805970130776,21.9687197678168,1255882.0
Mauritius,2011,,8530.0,3.91100124069837,88.0871510697159,21.6510061110727,1252404.0
Mauritius,2010,,8200.0,4.12919884822152,84.1683992828525,21.3079604696356,1250400.0
Mauritius,2009,,7720.0,3.04110046320396,78.9043570868935,21.0857071980816,1247429.0
Mauritius,2008,,7390.0,5.00653905530841,80.6881653986084,19.5144145779982,1244121.0
Mauritius,2007,,6460.0,5.24649696534381,70.6433958735894,18.8765201398761,1239630.0
Mauritius,2006,35.7,5910.0,4.37758682090856,67.6399087092862,18.5499286254183,1233996.0
Mauritius,2005,,5670.0,1.17669908705346,71.9303142550398,18.2001652014995,1228254.0
Mexico,2022,43.5,10730.0,2.93163505458958,34.2487696110669,12.3565593986272,128613117.0
Mexico,2021,,9880.0,5.34306679586261,35.0570605505008,12.2265389848338,127648148.0
Mexico,2020,44.6,8920.0,-9.10287154605422,36.9325897608776,13.001417176795,126799054.0
Mexico,2019,,9860.0,-1.33462176883367,35.5851864870933,13.9227777914976,125762982.0
Mexico,2018,46.0,9560.0,1.01136621686764,33.6152178137641,14.0305676926983,124573711.0
Mexico,2017,,9270.0,0.923425358691205,34.3431256723362,14.1998740615922,123400057.0
Mexico,2016,46.9,9740.0,0.790955216102532,32.9508423866166,14.1936498746495,122251351.0
Mexico,2015,,10580.0,1.60971010585429,30.8304978674097,14.1165081939731,121072306.0
Mexico,2014,48.9,10950.0,1.27091420531951,28.1836821076474,14.9443656169499,119784261.0
Mexico,2013,,10710.0,-0.447810738278491,27.859059328804,15.0730387027575,118343573.0
Mexico,2012,49.6,10500.0,2.1573183045698,24.9270563810171,15.1544084982621,116818208.0
Mexico,2011,,9760.0,1.99026327799889,23.5848328387345,14.6884896365235,115243504.0
Mexico,2010,47.7,9470.0,3.47084287436401,22.3237750257634,14.362238415439,113623895.0
Mexico,2009,,9230.0,-7.65517173118076,21.6119225648182,13.9206230360155,111999721.0
Mexico,2008,50.8,10260.0,-0.519889925183975,19.7553753221619,14.1722031292067,110374288.0
Mexico,2007,,9720.0,0.650788700685027,20.4394698049344,12.745846124186,108774360.0
Mexico,2006,49.7,9140.0,3.39577677542312,18.3518916727969,11.5524409995789,107253666.0
Mexico,2005,50.9,8490.0,0.745413251973147,15.3135908131833,11.1948442315992,105811504.0
"Micronesia, Fed. Sts.",2022,,4050.0,-3.33024479737753,,12.5689722351403,112114.0
"Micronesia, Fed. Sts.",2021,,4040.0,2.445766552558,23.4273633503821,12.7544513035049,111624.0
"Micronesia, Fed. Sts.",2020,,3990.0,-2.2349823183628,24.1698437688974,12.9568924189222,110916.0
"Micronesia, Fed. Sts.",2019,,4050.0,3.72960377273995,22.8672588832487,13.1250820317627,110282.0
"Micronesia, Fed. Sts.",2018,,3400.0,-0.389413059895006,20.3227040816327,13.2488937173746,109909.0
"Micronesia, Fed. Sts.",2017,,3440.0,1.79684086925374,23.2487465181059,13.3798953692182,109481.0
"Micronesia, Fed. Sts.",2016,,3390.0,0.61049232202113,23.1375384615385,13.5076723578993,109075.0
"Micronesia, Fed. Sts.",2015,,3440.0,4.1262434088662,23.2949098202818,13.6485232297865,108716.0
"Micronesia, Fed. Sts.",2014,,3070.0,-2.83295569738213,21.5233388819611,13.8060525734482,108396.0
"Micronesia, Fed. Sts.",2013,40.1,3080.0,-3.88222427731633,19.9284813954265,13.9653101695389,108121.0
"Micronesia, Fed. Sts.",2012,,3020.0,-1.86916426162232,19.5992989657358,14.122698000226,107890.0
"Micronesia, Fed. Sts.",2011,,2910.0,3.63146339591056,19.7845904656692,14.2600462025497,107698.0
"Micronesia, Fed. Sts.",2010,,2720.0,2.46196280881719,21.0353841252286,14.4146221927523,107540.0
"Micronesia, Fed. Sts.",2009,,2640.0,2.01527053940008,21.5193914492829,14.4965353280566,107957.0
"Micronesia, Fed. Sts.",2008,,2420.0,-1.73931186268365,20.2537737195357,11.5814465226707,108936.0
"Micronesia, Fed. Sts.",2007,,2400.0,-0.964331358842145,21.3950762485095,11.5782618134453,109880.0
"Micronesia, Fed. Sts.",2006,,2390.0,0.416615570124208,21.0882832785147,11.5836265438802,110729.0
"Micronesia, Fed. Sts.",2005,42.4,2390.0,2.7852421462828,20.1158942578119,11.5945389721441,111412.0
Moldova,2022,25.9,5540.0,-2.06640428713339,27.5106411671297,28.8002405552296,2528654.0
Moldova,2021,25.7,5270.0,15.6557976122015,28.5309349890981,31.0806208245924,2595809.0
Moldova,2020,25.0,4360.0,-7.26326976771907,28.6748195514405,31.7378603864746,2635130.0
Moldova,2019,26.0,4490.0,5.22280984962049,25.3242252682604,33.8407582567255,2664224.0
Moldova,2018,25.7,3850.0,5.92036718190722,23.6435926979314,36.8197606395387,2707203.0
Moldova,2017,25.9,3300.0,5.99041199822246,23.1336799067392,36.0462502496371,2755189.0
Moldova,2016,26.3,3170.0,5.87017576429136,25.8421130047347,35.7127207396696,2803186.0
Moldova,2015,27.0,3290.0,0.429158887977096,28.9371352908719,35.5619083252798,2835978.0
Moldova,2014,26.8,3730.0,5.06366581042911,31.4038447347649,57.5741032364993,2857815.0
Moldova,2013,28.5,3620.0,9.0730755766005,35.7350883426668,55.1769485236025,2859558.0
Moldova,2012,29.2,3140.0,-0.576700868382531,33.702487805818,54.2707280607288,2860324.0
Moldova,2011,30.6,2730.0,5.87938512338968,29.9278323999166,53.747494017772,2860699.0
Moldova,2010,32.1,2380.0,7.20697461136707,29.497046030424,50.0589417411906,2862354.0
Moldova,2009,32.9,1950.0,-5.88123771461969,,49.4802232534035,2865213.0
Moldova,2008,34.7,1870.0,8.00539195483559,,50.3136287255004,2868833.0
Moldova,2007,34.4,1440.0,3.238946835622,,45.2543550912857,2874299.0
Moldova,2006,35.4,1280.0,5.09166801572276,,41.9629596676499,2880967.0
Moldova,2005,36.3,1120.0,7.76188624467986,,40.4820624581617,2888985.0
Monaco,2022,,,10.1116479795959,,,38931.0
Monaco,2021,,,20.7188673661029,,,38527.0
Monaco,2020,,,-13.1045741376188,,,38050.0
Monaco,2019,,,7.24738037567747,,,38109.0
Monaco,2018,,,4.37923997124996,,,38154.0
Monaco,2017,,,-4.23891093966274,,,37678.0
Monaco,2016,,,1.57423975069067,,,37276.0
Monaco,2015,,,3.11510490897003,,,36757.0
Monaco,2014,,,5.1665902777315,,,36128.0
Monaco,2013,,,7.3019059415093,,,35447.0
Monaco,2012,,,-1.21400229828895,,,34711.0
Monaco,2011,,,4.5537743299959,,,33946.0
Monaco,2010,,,-0.393849531303786,,,33163.0
Monaco,2009,,,-12.7834725197235,,,32364.0
Monaco,2008,,,0.750035773265338,,,31836.0
Monaco,2007,,,15.2283004153469,,,31837.0
Monaco,2006,,,6.32268952424462,,,32057.0
Monaco,2005,,,2.20227083533935,,,32210.0
Mongolia,2022,31.4,4340.0,3.50307766866899,40.9774857798216,60.6949991329286,3433748.0
Mongolia,2021,,3690.0,-0.0614212834574062,47.4863808095992,61.5811184245136,3383741.0
Mongolia,2020,,3690.0,-6.26542378289111,45.785164527552,62.7716316997636,3327204.0
Mongolia,2019,,3800.0,3.67988421239794,48.9010221466082,64.0468933857191,3267673.0
Mongolia,2018,32.7,3650.0,5.75427016552706,55.4068400252493,69.3651483253501,3208189.0
Mongolia,2017,,3200.0,3.6220070103727,52.8177229331459,70.1730920790787,3148917.0
Mongolia,2016,32.3,3460.0,-0.547071462431205,56.9431593815466,70.1906909831307,3088856.0
Mongolia,2015,,3770.0,0.223539088154311,54.4604207032131,70.6899857761446,3026864.0
Mongolia,2014,32.0,4180.0,5.5513088464518,59.2943187125602,71.9172728737823,2963113.0
Mongolia,2013,,4310.0,9.36487841658389,59.8748579259903,71.476819158735,2899011.0
Mongolia,2012,33.8,3630.0,10.2081460867694,43.7217609870053,68.9428447853119,2839705.0
Mongolia,2011,33.9,2570.0,15.2830434931644,43.4934673304814,66.4169861188499,2786317.0
Mongolia,2010,33.1,1990.0,4.52004039651671,34.191265820963,55.0587688035987,2738622.0
Mongolia,2009,,1780.0,-3.02646374326369,40.2997280197734,54.4200949849589,2691115.0
Mongolia,2008,,1790.0,7.19669912596376,39.9020112482358,57.072075690255,2643201.0
Mongolia,2007,35.8,1400.0,8.77843828826261,41.5764911231768,52.641605112836,2601850.0
Mongolia,2006,,1110.0,7.25546356240756,30.1190332267899,45.4403453466246,2567168.0
Mongolia,2005,,890.0,6.06987814990435,27.550665048247,40.8009698591196,2536407.0
Montenegro,2022,,10410.0,7.99214069071184,47.1553948607428,45.4970753293098,623591.0
Montenegro,2021,34.3,9210.0,13.3242405343679,52.6094666497158,33.7525092325943,625053.0
Montenegro,2020,35.4,7770.0,-14.970505034482,60.5589962890752,38.1747735586563,626590.0
Montenegro,2019,35.7,8970.0,4.34144828521134,49.5434613539033,40.8881375256779,626753.0
Montenegro,2018,36.8,8250.0,4.65668340285264,50.2326678244513,43.646057994208,626438.0
Montenegro,2017,36.9,7240.0,3.11297073146422,49.451205781969,43.6768854839281,625982.0
Montenegro,2016,38.5,7020.0,3.32318817615919,49.4949222460444,44.3224864717922,625353.0
Montenegro,2015,39.0,7150.0,2.37419874424694,50.9166352865446,43.0060011126323,624651.0
Montenegro,2014,38.8,7280.0,2.18041940678877,52.1519574183341,41.8933419227858,623744.0
Montenegro,2013,39.0,7260.0,3.1920026066844,54.259281142303,42.3874849960187,622587.0
Montenegro,2012,41.2,6980.0,-2.65570357284696,55.2723355290933,40.5255609015745,621418.0
Montenegro,2011,30.8,7230.0,3.25692677248162,55.7517216411661,40.2668777023161,620345.0
Montenegro,2010,28.9,6910.0,2.58744435496348,66.5686782705569,39.827162124569,619428.0
Montenegro,2009,31.0,6710.0,-6.19590190743681,76.5142973517479,43.6188795375193,618294.0
Montenegro,2008,30.5,6450.0,6.70904934455439,86.6143101507871,41.800195067577,616969.0
Montenegro,2007,31.4,5120.0,6.98968425407895,80.0628159947649,34.6944655226285,615875.0
Montenegro,2006,30.0,4320.0,8.43155401049704,36.0129318403291,27.3142174578617,615025.0
Montenegro,2005,30.2,3660.0,4.02660484276159,17.9524670604972,25.182625217021,614261.0
Morocco,2022,,3700.0,0.779078150413596,87.5362177555406,21.5927021466739,37329064.0
Morocco,2021,,3630.0,7.0606299574828,86.0589211866219,22.4515822539656,36954442.0
Morocco,2020,,3260.0,-8.13866950405836,90.9314449752962,24.4269179252193,36584208.0
Morocco,2019,,3510.0,1.81642055572905,81.4748595489142,24.8666255822373,36210898.0
Morocco,2018,,3380.0,1.91410663270995,78.9568101792168,25.0510789465544,35839760.0
Morocco,2017,,3160.0,3.78371209116371,80.1940481650889,24.9501056236698,35446392.0
Morocco,2016,,3150.0,-0.693616602037565,80.2299496773881,24.8687671369857,35023457.0
Morocco,2015,,3300.0,3.10634719191513,78.3933979966934,24.6582373508708,34607588.0
Morocco,2014,,3330.0,1.43852495314533,83.5103076143461,24.1112687512959,34204780.0
Morocco,2013,39.5,3350.0,2.7578648778037,83.5655425605352,23.6416666013392,33787571.0
Morocco,2012,,3230.0,1.66384638357194,87.7618401933056,22.9173809131591,33355241.0
Morocco,2011,,3260.0,4.06561020586629,86.804176959607,21.873924445027,32912588.0
Morocco,2010,,3190.0,2.07976488720576,83.2922890768629,20.8308465047478,32467016.0
Morocco,2009,,3150.0,2.34392549842086,,19.5965077294641,32030778.0
Morocco,2008,,2970.0,4.24978033517071,,14.16949899507,31606767.0
Morocco,2007,,2630.0,2.03302704420354,,12.6491092697698,31186468.0
Morocco,2006,40.7,2490.0,6.31205425044466,,11.5241264217214,30771178.0
Morocco,2005,,2300.0,1.78494971981462,,10.6776884192338,30358144.0
Mozambique,2022,49.6,500.0,1.33335997379926,20.7208360879099,3.60886323922757,32656246.0
Mozambique,2021,,490.0,-0.606316436997986,23.0205800775002,3.7643270008865,31707800.0
Mozambique,2020,,480.0,-4.10527399484737,23.8696192694382,3.99945584546468,30783688.0
Mozambique,2019,50.7,500.0,-0.646283515954551,21.2791585156391,4.49809840233684,29884380.0
Mozambique,2018,,470.0,0.445674338631605,22.1292035071032,4.21905144383318,29018644.0
Mozambique,2017,,480.0,-0.38371430909207,24.4582064524123,4.23508956993863,28166393.0
Mozambique,2016,,550.0,1.67319789859388,31.2078879056345,4.34252335347023,27337105.0
Mozambique,2015,,670.0,4.32231286612486,32.0531316730483,4.2780166600319,26547572.0
Mozambique,2014,54.0,710.0,4.62514159794316,30.188781793048,4.13319334651145,25788475.0
Mozambique,2013,,690.0,3.53500457192386,26.2611547587696,3.89822446019916,25051611.0
Mozambique,2012,,630.0,4.93805479095479,22.4314517976522,3.89258734591717,24337846.0
Mozambique,2011,,570.0,4.19033881987379,20.9197341288749,3.66679133757214,23649039.0
Mozambique,2010,,550.0,3.86194568743883,21.6491864986519,3.43134836978783,22999235.0
Mozambique,2009,,570.0,3.21964861492762,19.5511262342972,2.98390647165289,22391745.0
Mozambique,2008,45.5,530.0,4.27502296305138,14.0124195660244,2.59795740402406,21819036.0
Mozambique,2007,,480.0,5.11813481404295,10.0421356502336,2.44815999804147,21287635.0
Mozambique,2006,,450.0,7.35938789849386,9.89325283447363,2.10537248951875,20787087.0
Mozambique,2005,,420.0,3.88124108732595,8.78413449461729,2.06656922643013,20304569.0
Myanmar,2022,,1280.0,3.32202841461704,,,53756787.0
Myanmar,2021,,1240.0,-12.627100008178,,,53387102.0
Myanmar,2020,,1320.0,-9.69306034482335,28.9828999467009,,53016522.0
Myanmar,2019,,1380.0,5.83309474734135,26.6379014764853,5.6094084014702,52640713.0
Myanmar,2018,,1310.0,5.50179746363222,26.2093085820638,5.09294137544011,52272247.0
Myanmar,2017,30.7,1230.0,5.31957403505668,24.50054608091,4.70409007187834,51894938.0
Myanmar,2016,,1230.0,5.02652118853597,22.0063669806599,3.39835563687973,51495696.0
Myanmar,2015,38.1,1230.0,6.13960007817474,18.1305513861133,3.35820005526172,51089056.0
Myanmar,2014,,1260.0,7.27568618509038,15.5752436663979,3.39098759272057,50681634.0
Myanmar,2013,,1260.0,7.50873881521075,12.8385297285065,2.73981837332489,50262658.0
Myanmar,2012,,1170.0,6.43324807639843,9.31026614508286,1.85973504681684,49837446.0
Myanmar,2011,,1040.0,4.74658078594661,6.74676206403601,1.6774073679645,49419820.0
Myanmar,2010,,880.0,8.82058943535873,4.76695378512293,1.53119330329501,49024382.0
Myanmar,2009,,660.0,9.93736426370333,3.4721769114853,1.49074133967098,48660459.0
Myanmar,2008,,490.0,9.64981113277751,3.12110290159629,1.47115374713388,48390793.0
Myanmar,2007,,360.0,11.2004378218927,3.42373646489974,1.44153853573233,48125043.0
Myanmar,2006,,300.0,12.2555240244746,3.87713991831058,1.41695525125968,47785135.0
Myanmar,2005,,280.0,12.6841326603106,4.65705970100153,1.72465069960708,47438365.0
Namibia,2022,,4280.0,2.51308808227621,61.3968417469613,9.3480327584395,2889662.0
Namibia,2021,,4140.0,0.588992664401843,68.8473248696811,9.47905469662378,2810548.0
Namibia,2020,,4240.0,-10.7372931134497,72.7676677166465,10.8945221335127,2728762.0
Namibia,2019,,4870.0,-3.57649160039189,70.950579352357,11.2797953229867,2650494.0
Namibia,2018,,4670.0,-1.70342664632669,65.8415486800749,11.4740129904081,2577327.0
Namibia,2017,,4430.0,-3.69773452685817,65.0850898640541,10.5472426920543,2506853.0
Namibia,2016,,4580.0,-2.62833210419717,68.5718638970193,15.5335504428413,2439213.0
Namibia,2015,59.1,5180.0,1.53445826192009,65.6259688357891,13.6929369216626,2374300.0
Namibia,2014,,5690.0,3.35635017944713,,13.6082861836614,2312139.0
Namibia,2013,,5900.0,2.90208375663774,,13.0155628944896,2252508.0
Namibia,2012,,5730.0,2.74809367129893,,12.899097719046,2194654.0
Namibia,2011,,5160.0,3.30348908465837,,12.9904256851151,2146325.0
Namibia,2010,,4520.0,4.40996877603639,,12.8602087741422,2109811.0
Namibia,2009,61.0,4260.0,-1.16873879710282,,12.8159300466392,2077394.0
Namibia,2008,,4310.0,1.22288329166788,,12.7805911733451,2047056.0
Namibia,2007,,4200.0,3.97963640998429,,12.6671948698668,2018600.0
Namibia,2006,,3990.0,5.71286099626298,,12.0536436678742,1991888.0
Namibia,2005,,3480.0,1.25193634526472,,11.0702198410452,1966582.0
Nauru,2022,,22570.0,2.07566850510726,,,11801.0
Nauru,2021,,19460.0,7.14457374271909,,,11709.0
Nauru,2020,,17180.0,1.08625303568498,,,11643.0
Nauru,2019,,15840.0,7.51652861776262,,,11587.0
Nauru,2018,,12740.0,-2.16926114572468,,,11477.0
Nauru,2017,,11300.0,-7.78820653423327,,,11324.0
Nauru,2016,,11680.0,2.30174554349074,,,11150.0
Nauru,2015,,12220.0,1.4172709809001,,,10954.0
Nauru,2014,,12530.0,13.4151871712962,,,10742.0
Nauru,2013,,11330.0,1.6485827070359,,,10517.0
Nauru,2012,32.4,9650.0,22.3119628983076,,,10267.0
Nauru,2011,,7000.0,14.0811226451365,,,10098.0
Nauru,2010,,5080.0,-0.268843970925019,,,10043.0
Nauru,2009,,4090.0,-5.62156105786306,,,10016.0
Nauru,2008,,3510.0,20.1318813068238,,,10009.0
Nauru,2007,,3030.0,-21.9690489151566,,,10020.0
Nauru,2006,,3890.0,8.61282905726155,,,10034.0
Nauru,2005,,3510.0,0.109463628221704,,,10049.0
Nepal,2022,30.0,1380.0,4.77665725235042,94.4669915631767,23.0572993913683,29715436.0
Nepal,2021,,1250.0,3.02971971240495,103.651351375401,22.412247187329,29475010.0
Nepal,2020,,1190.0,-4.23182776858643,88.4400394663268,21.7600862485372,28966574.0
Nepal,2019,,1240.0,5.40192160337148,78.9459108984055,17.9703923124617,28414064.0
Nepal,2018,,1120.0,7.36009731523737,76.3246080076578,15.4625905307055,28079689.0
Nepal,2017,,970.0,8.76020605401564,69.1891243413533,12.0223235015064,28011258.0
Nepal,2016,,860.0,-0.0405110299060141,69.840800112116,10.1217150912744,27955462.0
Nepal,2015,,870.0,3.4108030002933,56.9082740653704,9.25311638925349,27823629.0
Nepal,2014,,860.0,5.69591211662627,54.4670476035098,8.69490712218203,27672370.0
Nepal,2013,,840.0,3.31847430980025,50.4622708384351,8.45539262033175,27589996.0
Nepal,2012,,750.0,4.40244630730626,48.7543496534141,8.39648329167357,27534915.0
Nepal,2011,,620.0,2.96035780817019,46.4246531230953,7.25905525898927,27464494.0
Nepal,2010,32.8,530.0,4.16886489216166,54.589987785603,5.05755462562677,27341952.0
Nepal,2009,,480.0,3.82909610583356,59.1784546318173,4.55568434049677,27173035.0
Nepal,2008,,430.0,5.31231494291112,51.6526455292715,3.44878600354202,26990037.0
Nepal,2007,,370.0,2.55045520091535,37.2815056472404,3.45403932689469,26788492.0
Nepal,2006,,330.0,2.36866119233534,33.1513862786737,2.50203658419022,26565425.0
Nepal,2005,,300.0,2.32754534491777,28.7261508079238,2.44336686979024,26309458.0
Netherlands,2022,,62110.0,4.0109788096194,88.8195045380451,5.1834867471737,17700982.0
Netherlands,2021,25.7,59560.0,5.72193522957718,93.8807694464696,5.44719845588461,17533044.0
Netherlands,2020,26.0,51490.0,-4.40052537279003,100.352006153371,6.98342001582682,17441500.0
Netherlands,2019,29.2,52940.0,1.63214291771632,98.6368462471995,9.22451588912597,17344874.0
Netherlands,2018,28.1,51290.0,1.66335743670078,103.705449062777,10.9219763557852,17231624.0
Netherlands,2017,28.5,46710.0,2.17569091526914,109.26176749092,11.8906850614915,17131296.0
Netherlands,2016,28.2,46960.0,1.88065314524779,112.688166070747,12.4268195479067,17030314.0
Netherlands,2015,28.2,49670.0,1.66898777013176,110.135230807738,13.9646101530997,16939923.0
Netherlands,2014,28.6,52220.0,1.24763624808071,115.205849457802,14.7715026061508,16865008.0
Netherlands,2013,28.1,52460.0,-0.324530183160419,112.969994005111,17.3450919379539,16804432.0
Netherlands,2012,27.6,52070.0,-1.34363605737404,116.013958604261,19.6574767602257,16754962.0
Netherlands,2011,27.8,54270.0,1.29975033814375,113.516935353618,21.3179125065014,16693074.0
Netherlands,2010,27.8,54000.0,0.800960653466348,112.995200786287,23.0117105091797,16615394.0
Netherlands,2009,27.9,52780.0,-4.15945322331045,116.241095699118,25.2088063351082,16530388.0
Netherlands,2008,29.3,51930.0,1.72005565007052,110.218655333418,27.5361207264003,16445593.0
Netherlands,2007,29.6,48840.0,3.6595790579472,112.717594636907,28.6061406856695,16381696.0
Netherlands,2006,30.0,45500.0,3.37121339494911,112.9576606451,27.6549643799426,16346101.0
Netherlands,2005,29.0,42280.0,1.79582591930534,115.890888447757,28.0656363883051,16319868.0
New Caledonia,2022,,36980.0,2.81185763592613,,,287123.0
New Caledonia,2021,,35420.0,-2.45629457179525,,,285214.0
New Caledonia,2020,,34890.0,-2.59576600416644,,,284176.0
New Caledonia,2019,,35130.0,-1.42259825250524,,,283606.0
New Caledonia,2018,,,0.401770467057673,,,283541.0
New Caledonia,2017,,,,,,283546.0
New Caledonia,2016,,,,,,283423.0
New Caledonia,2015,,,,,,283168.0
New Caledonia,2014,,,,,,281224.0
New Caledonia,2013,,,,,,276822.0
New Caledonia,2012,,,,,,271633.0
New Caledonia,2011,,,,,,266543.0
New Caledonia,2010,,,,,,261582.0
New Caledonia,2009,,,,,,257250.0
New Caledonia,2008,,,,,,253825.0
New Caledonia,2007,,,,,,250725.0
New Caledonia,2006,,,,,,247547.0
New Caledonia,2005,,,,,,244381.0
New Zealand,2022,,49160.0,3.55544968252481,146.118612985772,16.9228165720527,5081700.0
New Zealand,2021,,45800.0,4.28458318360995,155.546350252594,17.6807872557464,5084600.0
New Zealand,2020,,41850.0,-2.31391634084866,159.518561184643,21.2885159501232,5072400.0
New Zealand,2019,,43130.0,0.882643007578949,155.390582013937,25.0381607952677,4970300.0
New Zealand,2018,,41660.0,1.6336762235868,153.152361231044,26.639989465787,4900600.0
New Zealand,2017,,38840.0,1.24183177643995,153.082506645565,27.1768600166529,4813600.0
New Zealand,2016,,39460.0,1.47418017961533,154.780329050201,29.5952126699276,4714100.0
New Zealand,2015,,40670.0,1.60054496622324,152.138071941222,28.8920900782121,4609400.0
New Zealand,2014,,41720.0,2.11605987877432,148.826244713504,29.5587667138867,4516500.0
New Zealand,2013,,39970.0,1.80431778832353,,30.8987460541849,4442100.0
New Zealand,2012,,36780.0,1.80664874629129,,33.4121620269778,4408100.0
New Zealand,2011,,32250.0,1.31801414005311,,34.0286462471758,4384000.0
New Zealand,2010,,29750.0,0.336940895877831,,34.653094349948,4350700.0
New Zealand,2009,,29770.0,-1.03184078096996,,35.8118905473368,4302600.0
New Zealand,2008,,28680.0,-1.85355347358967,,35.0478749810492,4259800.0
New Zealand,2007,,28150.0,2.09997633054701,,35.1475597208365,4223800.0
New Zealand,2006,,26380.0,1.53451584031141,,35.3362897624333,4184600.0
New Zealand,2005,,25450.0,2.19286668317011,,35.1504578347133,4133900.0
Nicaragua,2022,,2150.0,2.22853832012306,29.6997624213014,7.78202626351948,6730654.0
Nicaragua,2021,,2060.0,9.13330681920195,28.0130754323242,7.91224795106181,6644741.0
Nicaragua,2020,,1810.0,-3.4517971097024,29.7928204469316,7.93286372765054,6565267.0
Nicaragua,2019,,1930.0,-4.14856907147293,32.2173134465347,8.75042046420114,6483657.0
Nicaragua,2018,,1990.0,-4.62941675714166,39.8570584770867,9.40022172166164,6400080.0
Nicaragua,2017,,2050.0,3.24691576299918,42.7141595154233,11.1322311150133,6316231.0
Nicaragua,2016,,1980.0,3.16650951067395,38.5800324214676,11.051656865773,6232666.0
Nicaragua,2015,,1910.0,3.37914204919937,36.851216246511,8.09147198608454,6149417.0
Nicaragua,2014,46.2,1850.0,3.35791289379488,33.8611044766836,7.58856246138603,6066492.0
Nicaragua,2013,,1760.0,3.47943447123747,31.8719462281179,7.40692913347457,5983845.0
Nicaragua,2012,,1700.0,5.0120845551519,28.7256849089243,7.06991574104293,5901287.0
Nicaragua,2011,,1600.0,4.82579847166105,26.2021452617968,7.17849323427013,5819051.0
Nicaragua,2010,,1490.0,2.9388092403868,26.7902771944027,6.82468326436583,5737450.0
Nicaragua,2009,43.9,1410.0,-4.66051140515347,28.4639816565811,8.15996736013056,5656601.0
Nicaragua,2008,,1420.0,1.96391791132177,31.3902939082916,8.24672902504548,5576593.0
Nicaragua,2007,,1310.0,3.57801456385216,32.9626730870453,7.46658702307175,5497243.0
Nicaragua,2006,,1220.0,2.67777444612834,26.4617300643449,7.01520696435387,5418855.0
Nicaragua,2005,48.8,1180.0,2.93169257880047,22.6195637092088,6.30130803431429,5342105.0
Niger,2022,,600.0,8.3198637261773,,1.58877765041864,25311973.0
Niger,2021,32.9,600.0,-1.86257596023195,,1.58103146647876,24502140.0
Niger,2020,,560.0,0.189464640804786,,1.56165741438314,23717613.0
Niger,2019,,610.0,2.43270218960372,,1.59707956859453,22947757.0
Niger,2018,37.3,580.0,3.57478885227313,,1.59009739476879,22188069.0
Niger,2017,,520.0,1.33285572403285,,1.63442927987046,21435446.0
Niger,2016,,530.0,1.92620628769158,,1.62426154779545,20685753.0
Niger,2015,,560.0,0.604320140159473,11.3371268437732,1.66071787754003,19939498.0
Niger,2014,34.3,590.0,2.77949866185601,10.6941382168662,1.61505171314325,19215909.0
Niger,2013,,570.0,1.43045373805732,10.2922868639721,1.60359001604856,18519898.0
Niger,2012,,550.0,6.45537638540985,10.3883049343752,1.50177752360833,17836769.0
Niger,2011,31.5,520.0,-1.38136228282855,9.7383534244859,1.21802901504482,17176283.0
Niger,2010,,510.0,4.60766589552573,8.93623100734286,1.17994879966169,16548835.0
Niger,2009,,480.0,-1.75785643451498,8.9913724864135,1.08753243046147,15943675.0
Niger,2008,,440.0,3.81608288917157,8.06834975558649,1.03667870393923,15361915.0
Niger,2007,37.3,380.0,-0.585038841788489,6.9960725875065,0.888783512856711,14803610.0
Niger,2006,,350.0,2.12703436992842,6.42414315581052,0.72921612507515,14268581.0
Niger,2005,44.4,330.0,3.50589535528762,5.24593923345189,0.655411256618608,13756192.0
Nigeria,2022,33.9,2930.0,2.15831410306673,9.56169176668424,4.36487210382441,223150896.0
Nigeria,2021,,2860.0,-0.988127022973842,9.73322136915709,4.2411550331707,218529286.0
Nigeria,2020,,2460.0,-8.34242347930724,8.75958559532731,4.40097998099558,213996181.0
Nigeria,2019,,2260.0,-0.0100047593980293,7.92322265931715,4.73067599245371,209485641.0
Nigeria,2018,35.1,1950.0,-0.406836852099559,10.2465813012399,4.24944027549597,204938755.0
Nigeria,2017,,2020.0,-1.61585537268604,12.8520298076198,4.38158695646469,200254579.0
Nigeria,2016,,2370.0,-4.01892534268501,14.6080388563102,4.68329202078777,195443700.0
Nigeria,2015,35.9,2760.0,0.081979577825436,13.0786844773698,4.91897357418085,190671878.0
Nigeria,2014,,2870.0,3.53757268118461,13.2970053767392,5.53049153182941,185896915.0
Nigeria,2013,,2600.0,3.81449207685264,11.5332149415284,5.82121639816799,181049443.0
Nigeria,2012,35.5,2360.0,1.37822146587332,10.6047037712344,5.73743401026177,176200625.0
Nigeria,2011,,2100.0,2.39734841623091,11.0436296114106,6.32874806670587,171379598.0
Nigeria,2010,35.7,2050.0,5.0285377931029,13.490742840586,6.49220290110826,166642886.0
Nigeria,2009,,1960.0,5.06718321393218,19.6256016608172,6.41094987492068,162049464.0
Nigeria,2008,,1890.0,3.83258898509833,18.6330147009187,6.19714385977442,157595014.0
Nigeria,2007,,,3.67720698171571,13.7970169332616,5.15011260002496,153267261.0
Nigeria,2006,,,3.17092810336983,8.12036045279147,3.73884998158842,149077334.0
Nigeria,2005,,,3.53183710668041,8.43509526303227,4.13399995801466,145017253.0
North Macedonia,2022,,7570.0,3.06193588427661,54.2953220350027,24.8302830652269,1831712.0
North Macedonia,2021,,7050.0,5.59213007924724,55.501013341123,25.1626656082783,1837114.0
North Macedonia,2020,,6460.0,-3.65436823824773,55.7466286882264,25.884721141908,1856124.0
North Macedonia,2019,33.5,6520.0,4.61869501137757,51.2679656532734,26.7201408787618,1876262.0
North Macedonia,2018,33.0,6050.0,3.40375411089484,50.2444525582772,26.6022807021989,1889051.0
North Macedonia,2017,34.2,5390.0,1.48936718625188,49.8844792422858,28.1285061866911,1898657.0
North Macedonia,2016,34.5,5440.0,3.1782257470099,48.9780058468049,27.3371529586313,1906313.0
North Macedonia,2015,35.6,5550.0,4.13429050530651,52.0320364694667,26.9385844436299,1912430.0
North Macedonia,2014,35.2,5630.0,3.90792755780767,50.513553958547,27.0554580129564,1917557.0
North Macedonia,2013,36.2,5400.0,3.30559670350297,47.6490949146214,26.8658693095282,1922716.0
North Macedonia,2012,38.1,5090.0,-0.0653472343038857,48.1121966084921,26.6629351164092,1929821.0
North Macedonia,2011,39.4,5140.0,2.81001401364465,,26.0297015912152,1937398.0
North Macedonia,2010,40.1,5010.0,4.02171749784563,,27.4715927348979,1946298.0
North Macedonia,2009,42.8,4860.0,0.287981674208055,,26.9200167306646,1958782.0
North Macedonia,2008,46.1,4540.0,6.08402471253315,,25.6909224988411,1971493.0
North Macedonia,2007,,3730.0,7.08313931163076,,20.9076428422088,1982933.0
North Macedonia,2006,42.6,3430.0,5.71920223477417,,19.5284047239902,1994287.0
North Macedonia,2005,39.3,3070.0,5.29102012277241,,16.9670675502948,2005330.0
Northern Mariana Islands,2022,,,18.9235637680801,,,46078.0
Northern Mariana Islands,2021,,,6.19656514048702,,,46979.0
Northern Mariana Islands,2020,,,-28.1627780007682,,,47528.0
Northern Mariana Islands,2019,,,-9.70326849241671,,,48129.0
Northern Mariana Islands,2018,,,-18.0505598698509,,,49077.0
Northern Mariana Islands,2017,,,25.1775968489283,,,49959.0
Northern Mariana Islands,2016,,,31.097890849885,,,50773.0
Northern Mariana Islands,2015,,,4.71604040189382,,,51514.0
Northern Mariana Islands,2014,,,5.33556203023453,,,52178.0
Northern Mariana Islands,2013,,,3.60738653208077,,,52758.0
Northern Mariana Islands,2012,,,1.51906574643922,,,53234.0
Northern Mariana Islands,2011,,,-6.54977616215164,,,53608.0
Northern Mariana Islands,2010,,,3.70912591649699,,,54091.0
Northern Mariana Islands,2009,,,-14.854218227401,,,55325.0
Northern Mariana Islands,2008,,,-8.28281999633768,,,57150.0
Northern Mariana Islands,2007,,,-3.92765941553607,,,58941.0
Northern Mariana Islands,2006,,,-4.30544836131968,,,60682.0
Northern Mariana Islands,2005,,,-10.4852551650988,,,62354.0
Norway,2022,26.9,94290.0,2.32282354360895,110.276168888199,,5457127.0
Norway,2021,29.1,81770.0,3.35449506555356,137.565053651411,,5408320.0
Norway,2020,28.4,78610.0,-1.85769609648001,163.535991564534,,5379475.0
Norway,2019,27.7,82430.0,0.44339856309783,149.388132180241,,5347896.0
Norway,2018,27.6,80970.0,0.165560788690883,142.491642157692,,5311916.0
Norway,2017,27.0,76230.0,1.63950712591077,145.264892481515,5.50865388781891,5276968.0
Norway,2016,28.5,81870.0,0.277407788765373,144.971606544856,6.16428015978745,5234519.0
Norway,2015,27.5,93440.0,0.848799114123295,137.836062619981,7.73090437247262,5188607.0
Norway,2014,26.8,105070.0,0.903762655946366,128.244980036536,8.51239885581946,5137232.0
Norway,2013,26.4,104830.0,-0.197883206152966,124.210093727703,8.93849257020933,5079623.0
Norway,2012,25.7,99750.0,1.37764088326504,122.683821631454,9.91920732340452,5018573.0
Norway,2011,25.3,90920.0,-0.197405946610559,124.978175605149,10.7184859146193,4953088.0
Norway,2010,25.7,88940.0,-0.460631240331892,127.637466122607,10.9585286449641,4889252.0
Norway,2009,26.2,88130.0,-3.16925631537788,127.534315525767,11.0125179879644,4828726.0
Norway,2008,27.0,87850.0,-0.762647949902117,119.247712265005,11.6888283569421,4768212.0
Norway,2007,27.1,78750.0,1.85464333724661,107.064013077002,12.3077829369947,4709153.0
Norway,2006,26.4,70300.0,1.63957006794733,97.154666495271,12.0129558796893,4660677.0
Norway,2005,30.6,64050.0,1.98813847350503,106.577215393709,12.0854768904956,4623291.0
Oman,2022,,19270.0,2.73958764672784,55.7897704553203,16.6793084046047,4730226.0
Oman,2021,,17910.0,3.08530454964595,68.18634950316,16.8863758363514,4500424.0
Oman,2020,,17190.0,-1.91104857604375,76.5893899420196,16.5171147501387,4522497.0
Oman,2019,,17860.0,-0.985733221362153,65.1353364973981,15.8272273531123,4591241.0
Oman,2018,,17250.0,-0.0452382355009746,61.0721758896089,15.469545884141,4597877.0
Oman,2017,,16640.0,-2.93490377016138,65.9487621150617,15.0272418376559,4537396.0
Oman,2016,,18550.0,0.118553614303224,66.6702330425451,16.2986901461274,4390877.0
Oman,2015,,20560.0,0.438450329868957,58.1721127566142,16.7567521117804,4184895.0
Oman,2014,,22060.0,-2.97274165335905,40.9964363798579,17.0768310015289,4002439.0
Oman,2013,,22920.0,-2.64416002304453,37.8101763629108,18.2745278323078,3833913.0
Oman,2012,,21960.0,-5.57202783891576,36.8201690395642,18.2241050531475,3547106.0
Oman,2011,,20820.0,-7.78414520830087,36.1030456409534,19.7909446905201,3076763.0
Oman,2010,,22510.0,-0.232906393185388,38.2119108803521,21.8871260494307,2757446.0
Oman,2009,,22010.0,3.68717578981379,40.7469449022376,23.1652811647046,2684659.0
Oman,2008,,21190.0,6.61241844727729,30.6458183525274,22.0156974059951,2626529.0
Oman,2007,,17290.0,2.71865852745317,30.9764844412137,20.8950467712742,2570174.0
Oman,2006,,14850.0,2.38091766222423,26.8602293065219,20.0765074633846,2514795.0
Oman,2005,,12590.0,0.482138133458704,26.830213002842,20.2251855601637,2459802.0
Pakistan,2022,,1510.0,2.96250287218002,14.8383242381905,10.7657902105724,243700667.0
Pakistan,2021,,1420.0,4.52304565172781,15.3401397751102,10.4692959746931,239477801.0
Pakistan,2020,,1370.0,-3.03889328268374,15.0331201291201,10.4206492852491,235001746.0
Pakistan,2019,,1520.0,0.778096107046181,15.6879858068791,10.5025793054864,230800899.0
Pakistan,2018,29.6,1560.0,4.44201942237108,16.6323511145142,10.3397253375251,226928892.0
Pakistan,2017,,1450.0,2.96623678403046,15.3138129313571,10.2023905289135,223273967.0
Pakistan,2016,,1360.0,5.19506859858923,14.6822491291274,9.89079121106828,220138869.0
Pakistan,2015,31.3,1280.0,2.76648640710329,13.8776720604833,9.49025688642731,217290883.0
Pakistan,2014,,1250.0,2.56600413102157,14.0363434269816,9.0542972485469,214264647.0
Pakistan,2013,29.5,1210.0,2.68232501000951,14.4059591371388,8.71837318030557,211073978.0
Pakistan,2012,,1110.0,1.08227196914481,15.1977662090047,8.34683376274466,207667125.0
Pakistan,2011,29.7,1020.0,0.408754534144464,16.7900431014259,8.08496944044884,203746065.0
Pakistan,2010,28.8,1000.0,-0.97547471765489,19.2854383363833,7.93328611675268,199239047.0
Pakistan,2009,,1020.0,0.87615081009595,20.3957768107606,7.91352324663182,194376534.0
Pakistan,2008,,1000.0,-0.577212099008804,24.1685851810671,7.85788720406335,189499113.0
Pakistan,2007,29.7,940.0,1.72148373910261,23.0416390892532,7.55161739051389,184493231.0
Pakistan,2006,,890.0,3.55533116774782,22.7683134071852,7.32404770854752,179682690.0
Pakistan,2005,31.3,830.0,4.7286345998931,21.6016814942981,7.18305343813036,175453212.0
Palau,2022,,14100.0,1.64986606087638,,,17759.0
Palau,2021,,13770.0,-13.2161327171514,,,17783.0
Palau,2020,,15360.0,-6.84092605925699,,,17792.0
Palau,2019,,16200.0,-0.272456364116394,,,17798.0
Palau,2018,,16040.0,-1.25499460640414,,,17814.0
Palau,2017,,15700.0,-3.07119789167072,,,17812.0
Palau,2016,,15000.0,1.17313151858609,,,17797.0
Palau,2015,,14190.0,7.58608327744872,,,17770.0
Palau,2014,,12740.0,4.77040588838096,,,17715.0
Palau,2013,,11740.0,-1.90623711880076,,,17648.0
Palau,2012,,11320.0,3.44620204916832,,,17765.0
Palau,2011,,10860.0,6.9406210208851,,,18078.0
Palau,2010,,10080.0,-0.986778712066226,,,18396.0
Palau,2009,,10090.0,-5.03782795273666,,,18709.0
Palau,2008,,10000.0,-3.73360277889407,,,19009.0
Palau,2007,,9970.0,2.85014910413659,,,19302.0
Palau,2006,,9440.0,1.38420011754485,,,19593.0
Palau,2005,,9010.0,2.89001848505217,,,19819.0
Panama,2022,,17020.0,9.64152425334943,,19.1000557340855,4400773.0
Panama,2021,50.9,14920.0,15.0695424121278,,19.6428989671083,4345405.0
Panama,2020,,13070.0,-18.9421659787374,100.153891512579,19.9764728599449,4293261.0
Panama,2019,49.8,15640.0,1.47570139893878,83.3265567540137,20.3184364898413,4234700.0
Panama,2018,49.2,14910.0,2.19399066127643,83.9514799603357,21.7870389565461,4167860.0
Panama,2017,49.9,14230.0,3.94788151319156,84.4380104002795,22.3383878287795,4098707.0
Panama,2016,50.4,13180.0,2.77979898980544,84.1908718346007,23.4943573983663,4029086.0
Panama,2015,50.8,12570.0,3.46107394258979,82.932427774497,23.7417070849328,3960035.0
Panama,2014,50.5,11520.0,2.83087716733978,80.8728229418666,24.094839007393,3892101.0
Panama,2013,51.5,10950.0,4.48786620046779,65.4374136067457,23.7188872620791,3825329.0
Panama,2012,51.7,9870.0,7.70986516046257,79.5923009409903,22.384004890849,3759256.0
Panama,2011,51.3,8860.0,9.94036228958628,80.3174015316408,22.7804340111498,3693505.0
Panama,2010,51.6,7500.0,4.19797192886546,82.0699638007039,22.8386136260002,3628535.0
Panama,2009,51.8,7120.0,-0.205009199670286,,22.4973580536162,3564381.0
Panama,2008,52.7,6770.0,8.20927222938532,,22.6267269666227,3500648.0
Panama,2007,52.7,5990.0,11.0968500583192,,21.5949829736666,3437490.0
Panama,2006,54.6,5270.0,7.83920002702018,,,3375024.0
Panama,2005,53.8,4880.0,6.25411767660357,,,3313026.0
Papua New Guinea,2022,,2690.0,3.73630441950243,15.0426900505059,1.37949151942594,10203169.0
Papua New Guinea,2021,,2370.0,-2.47024589818922,17.409571816553,1.41350378550142,10012896.0
Papua New Guinea,2020,,2410.0,-5.20688760573694,18.8149812506172,1.44987673683807,9815746.0
Papua New Guinea,2019,,2420.0,2.14824964998061,18.054669417934,1.47284462945819,9609010.0
Papua New Guinea,2018,,2310.0,-2.56991254975047,18.7432134166838,1.39783219523722,9394513.0
Papua New Guinea,2017,,2310.0,1.08692627161339,19.3527551663392,1.38671062139873,9178714.0
Papua New Guinea,2016,,2410.0,2.91791021651957,22.1193452819282,1.42737993135536,8961718.0
Papua New Guinea,2015,,2520.0,3.8989789371627,22.5534509061815,1.47001816289108,8743246.0
Papua New Guinea,2014,,2790.0,10.6031750853758,22.6256429101556,1.51478174519688,8523441.0
Papua New Guinea,2013,,2340.0,1.05749757557005,25.0996039083892,1.56174563829508,8302698.0
Papua New Guinea,2012,,2150.0,1.78156409666185,22.8565539094754,1.61116052887438,8081390.0
Papua New Guinea,2011,,1730.0,-1.79758471709076,20.9325128845535,1.62228918557387,7859346.0
Papua New Guinea,2010,,1660.0,6.85231014831385,21.091519972966,1.52822017747306,7633523.0
Papua New Guinea,2009,41.9,1460.0,3.57848686707685,21.7870346979082,1.4934164492794,7406438.0
Papua New Guinea,2008,,1360.0,-3.34540325323914,,1.59155475573613,7183002.0
Papua New Guinea,2007,,1040.0,4.47661413613285,,1.64819549670608,6963345.0
Papua New Guinea,2006,,780.0,2.1010623787835,,1.65853334920322,6747720.0
Papua New Guinea,2005,,650.0,2.96266985795965,,1.76946007959031,6535905.0
Paraguay,2022,44.6,5930.0,-0.954302474160954,50.958351378503,9.86864747283841,6760464.0
Paraguay,2021,42.9,5740.0,2.7649134745394,49.4128286155417,10.4028837213994,6684182.0
Paraguay,2020,43.5,5550.0,-2.15166731598009,50.6445339195476,10.6283919349713,6603739.0
Paraguay,2019,45.7,5950.0,-1.74219112721019,47.6522798387756,11.934230671754,6515058.0
Paraguay,2018,46.0,6060.0,1.77964425721512,44.5121924181158,12.4875510588605,6427382.0
Paraguay,2017,48.5,5820.0,3.32962942295241,41.0753441198312,12.6604640868202,6338660.0
Paraguay,2016,47.9,5880.0,2.76597250767421,41.3557191307979,10.9486490075701,6249126.0
Paraguay,2015,47.6,6100.0,1.46452361944058,43.3496464702931,10.9713257065149,6159103.0
Paraguay,2014,50.7,6290.0,3.78558222391715,38.1381490369587,9.85894346335419,6069811.0
Paraguay,2013,47.9,5970.0,6.74651223746731,34.3778942788017,11.1779552295009,5982445.0
Paraguay,2012,47.6,5170.0,-2.09516519053814,31.5463020861612,10.8476040416489,5897008.0
Paraguay,2011,52.3,4840.0,2.91154988839506,28.9522503182021,10.2999799567958,5814626.0
Paraguay,2010,51.0,4410.0,9.80314731435514,25.4241390581651,9.2829118658627,5737971.0
Paraguay,2009,49.1,3740.0,-1.27522707846056,21.5814306496786,7.70606126582612,5671236.0
Paraguay,2008,50.7,3320.0,5.46828018341716,18.7596980138574,6.21488990766449,5613574.0
Paraguay,2007,53.0,2500.0,4.39311756937708,13.7176649664943,4.66264399341744,5559386.0
Paraguay,2006,53.0,1980.0,3.72097911920059,11.6682860592129,4.36400745685787,5505148.0
Paraguay,2005,51.4,1620.0,1.01015474976116,12.2808884618236,4.28324468920491,5448097.0
Peru,2022,40.3,6920.0,1.82762015025182,45.6681929864133,5.17972576745675,33475438.0
Peru,2021,40.1,6550.0,12.2777396432111,47.1314277768001,5.40700212008432,33155882.0
Peru,2020,43.7,6080.0,-11.989123385761,55.3124099083207,6.10136721402073,32838579.0
Peru,2019,41.5,6850.0,0.502286291227506,44.7242368945336,6.65573133626876,32449303.0
Peru,2018,42.4,6500.0,2.1018453903506,43.9039424432995,7.33279713591988,31897584.0
Peru,2017,43.3,6090.0,1.01943141648242,42.4146143080756,7.71918178076611,31324637.0
Peru,2016,43.6,6130.0,2.57623039728159,42.8090253456419,8.16745728279023,30866494.0
Peru,2015,43.4,6340.0,2.09361990664132,43.8679314540478,8.34542168801821,30457600.0
Peru,2014,43.1,6520.0,1.36938882425959,40.8996268175973,8.20784612815067,30115826.0
Peru,2013,43.9,6410.0,4.90271487934022,37.7199291764532,7.88992227817477,29817919.0
Peru,2012,44.4,5780.0,5.25513020005759,34.0437468209084,7.72711349614699,29550366.0
Peru,2011,44.7,4960.0,5.53595626254707,32.3092275000503,7.10325436850144,29304086.0
Peru,2010,45.5,4400.0,7.6277436246787,30.261687153432,6.84419654543567,29086019.0
Peru,2009,47.0,3950.0,0.473893281807491,30.0145290325562,6.74316089961862,28896811.0
Peru,2008,47.5,3770.0,8.4109066563893,29.7639607500021,6.6298100559419,28719041.0
Peru,2007,50.0,3190.0,7.73406209571857,24.6070736917389,5.1266936706306,28530699.0
Peru,2006,50.3,2790.0,6.68113849738523,20.8131640208248,4.45797770518099,28324491.0
Peru,2005,50.4,2520.0,5.34332345958555,19.066421608863,4.28499267328807,28101180.0
Philippines,2022,,4010.0,6.76595410569132,48.8730299164324,,113964338.0
Philippines,2021,40.7,3570.0,4.76163916254069,49.9413249106511,8.99353408601811,113100950.0
Philippines,2020,,3350.0,-10.5488615065624,52.0356914003601,9.16905913582668,112081264.0
Philippines,2019,,3760.0,4.83577546655691,47.9736686643137,9.19949995695592,110804683.0
Philippines,2018,42.3,3610.0,5.03429067114457,47.5627907969006,9.02091679243253,109465287.0
Philippines,2017,,3440.0,5.56223020665776,45.6051977878358,8.99453539312217,108119693.0
Philippines,2016,,3350.0,5.7212148588973,42.8645179928199,8.83770392059505,106735719.0
Philippines,2015,44.6,3280.0,4.7872505574235,39.9037835751424,8.76367598028983,105312992.0
Philippines,2014,,3220.0,4.61514068278228,37.5782838049623,8.616382660866,103767130.0
Philippines,2013,,3060.0,4.76266633818079,34.3357279070115,8.24055416481848,102076336.0
Philippines,2012,46.5,2780.0,4.8407653397621,31.9053759841345,7.93365435669343,100175512.0
Philippines,2011,,2450.0,1.83760514144211,30.497639750655,7.65738117626834,98248614.0
Philippines,2010,,2310.0,5.15869430276467,28.3324788107778,7.54681354056669,96337125.0
Philippines,2009,46.3,2130.0,-0.362955289837316,27.8966684153138,7.48617690684023,94384250.0
Philippines,2008,,1970.0,2.51657128580275,27.8760610609157,7.5671931699709,92699095.0
Philippines,2007,,1680.0,4.68750495300476,27.6390233179632,7.53296155579019,91075184.0
Philippines,2006,47.2,1470.0,3.55972238279863,27.4706949162292,7.79542858636923,89508986.0
Philippines,2005,,1350.0,3.00922096669444,27.8965736381251,8.00036882307618,88015962.0
Poland,2022,28.9,19110.0,5.7122759744731,39.3159295032007,22.5906133089055,36821749.0
Poland,2021,28.5,17470.0,8.47171799983406,45.7278891219221,23.2613779081144,36981559.0
Poland,2020,28.5,15640.0,-0.861202002378917,49.2665185159479,25.802374198698,37515748.0
Poland,2019,28.8,15510.0,4.60600727341085,50.2277295457207,28.9898082617875,37965475.0
Poland,2018,30.2,14310.0,6.24607110540019,51.8969895049653,29.7875774932741,37974750.0
Poland,2017,29.7,12780.0,5.13933542172569,52.27429793934,29.3826073818785,37974826.0
Poland,2016,31.2,12740.0,3.07547528252388,54.3456987288045,31.084070032196,37970087.0
Poland,2015,31.8,13320.0,4.50138467634895,53.314886900933,31.1690122739093,37986412.0
Poland,2014,32.8,13540.0,3.99831832124629,52.623549823882,32.9972123343536,38011735.0
Poland,2013,33.1,13290.0,0.745031977271424,51.6642772358478,33.0003212798433,38040196.0
Poland,2012,33.0,13170.0,1.51202436704637,50.3251056254246,33.9719736476227,38063164.0
Poland,2011,33.2,12900.0,5.19888222323388,51.483789287918,32.5650241609073,38063255.0
Poland,2010,33.2,12730.0,3.46400853867873,48.8721256893143,32.1898340032804,38042794.0
Poland,2009,33.4,12520.0,2.54561682473884,46.9151175740235,32.9060397455807,38151603.0
Poland,2008,33.5,11980.0,4.36953645222033,47.1055525375866,32.6871245583895,38125759.0
Poland,2007,34.0,9940.0,6.81843988104569,37.0571618338196,29.6448473248364,38120560.0
Poland,2006,34.7,8450.0,6.26942932351373,31.0991032956795,27.5594350215922,38141267.0
Poland,2005,35.8,7340.0,3.30621477152089,27.0410644190586,26.5414394058531,38165445.0
Portugal,2022,36.3,25880.0,6.24247031136021,89.4563111808935,29.8646453277377,10434332.0
Portugal,2021,34.6,23980.0,4.89913107175563,98.848509456936,30.6930857365021,10361831.0
Portugal,2020,34.7,21910.0,-8.30107079726919,104.074185342131,33.0398627122415,10297081.0
Portugal,2019,32.8,23250.0,2.72130207848775,93.35554945374,34.6896826670671,10286263.0
Portugal,2018,33.5,22040.0,3.11123658697107,97.0963051936704,35.5849335466024,10283822.0
Portugal,2017,33.8,20030.0,3.56700126187077,102.855290609028,39.1851518156821,10300300.0
Portugal,2016,35.2,19950.0,2.32643063621838,111.328568595891,42.7837590281675,10325452.0
Portugal,2015,35.5,20450.0,2.01139554784055,120.048513231382,35.5599041424756,10358076.0
Portugal,2014,35.6,21210.0,1.28604644379557,129.651173714521,53.5178878003833,10401062.0
Portugal,2013,36.2,21380.0,-0.439198387971658,142.933688214656,58.1909474521847,10457295.0
Portugal,2012,36.0,21220.0,-3.66111452137058,152.728675156307,61.2548705160262,10514844.0
Portugal,2011,36.3,22750.0,-1.56885655182528,156.062341019849,64.0917287239584,10557560.0
Portugal,2010,35.8,23030.0,1.69092747575826,155.388888349273,66.0284216564749,10573100.0
Portugal,2009,34.9,22970.0,-3.21438882343172,159.861301937173,65.9079448076565,10568247.0
Portugal,2008,36.6,22630.0,0.174699975144293,151.481176609982,64.3186259569356,10558177.0
Portugal,2007,36.8,20860.0,2.30555184529184,142.235675042564,61.6449697131429,10542964.0
Portugal,2006,38.1,19410.0,1.44193756415369,133.41295217927,70.9938701780274,10522288.0
Portugal,2005,38.5,18600.0,0.595038072485551,124.773021846414,68.5181780888533,10503330.0
Puerto Rico (US),2022,,24670.0,4.31830960037016,,,3220137.0
Puerto Rico (US),2021,,22580.0,0.966080975048015,,,3262711.0
Puerto Rico (US),2020,,21200.0,-3.56474634356229,,,3281590.0
Puerto Rico (US),2019,,21310.0,1.30600530158883,,,3302691.0
Puerto Rico (US),2018,,20380.0,-0.869549149955759,,,3290690.0
Puerto Rico (US),2017,,19500.0,-0.903680354883278,,,3410837.0
Puerto Rico (US),2016,,19290.0,0.289081770174349,,,3480432.0
Puerto Rico (US),2015,,19080.0,0.346031006728381,,,3535167.0
Puerto Rico (US),2014,,19010.0,0.0887811529566989,,,3585017.0
Puerto Rico (US),2013,,18960.0,0.506273089098627,,,3631427.0
Puerto Rico (US),2012,,18550.0,0.915046581773325,,,3661045.0
Puerto Rico (US),2011,,17600.0,0.477827773852212,,,3693464.0
Puerto Rico (US),2010,,16910.0,0.0130918561743698,,,3724465.0
Puerto Rico (US),2009,,16580.0,-1.41621092108605,,,3740410.0
Puerto Rico (US),2008,,16360.0,-1.26658342180474,,,3760866.0
Puerto Rico (US),2007,,15860.0,-0.582297403436883,,,3782995.0
Puerto Rico (US),2006,,15030.0,-0.991030023306365,,,3805214.0
Puerto Rico (US),2005,,14750.0,-1.84546035319809,,,3821362.0
Qatar,2022,,71050.0,-1.79101615520977,101.083977869,,2657333.0
Qatar,2021,,66970.0,13.3616375901992,123.316526882953,9.36260117792122,2504910.0
Qatar,2020,,57730.0,-8.92441265745882,138.85767457168,9.20132499079867,2794148.0
Qatar,2019,,65700.0,-1.52202223094245,100.636054966417,9.80116562968944,2638657.0
Qatar,2018,,63410.0,-0.134744639831709,80.4367472352923,10.5062146360815,2580734.0
Qatar,2017,35.1,60920.0,-4.15596174260121,80.0816741444848,10.9908391142153,2545820.0
Qatar,2016,,69170.0,-2.45109169349175,79.760609083749,11.6079875455223,2477113.0
Qatar,2015,,80370.0,-3.86139446926616,70.8425328629447,13.4680912059136,2344557.0
Qatar,2014,,92440.0,-6.18522597672184,46.0967802914243,14.8761560012893,2151745.0
Qatar,2013,,96800.0,-5.12869057023956,40.0053190003995,13.4743495027447,1916426.0
Qatar,2012,,92500.0,-1.20900847640003,37.1284395521664,14.4257182933455,1722438.0
Qatar,2011,,83540.0,12.8219517991965,39.7530248795648,14.2055910623587,1624761.0
Qatar,2010,,72630.0,19.0056903213096,45.2424054950745,18.7574318705697,1616832.0
Qatar,2009,,63010.0,-0.705591683176323,51.7351086840494,17.9660809050864,1608903.0
Qatar,2008,,66030.0,-0.340739470062928,40.8011854627094,17.5851176420059,1426938.0
Qatar,2007,,58500.0,-5.0301345727959,41.5768407593261,17.5073396154542,1208595.0
Qatar,2006,,53410.0,7.05038196586418,35.9974581586654,18.6287105687285,972831.0
Qatar,2005,,40110.0,0.710908911730286,33.7215866396037,20.4829184421021,825408.0
Romania,2022,32.3,15390.0,4.59004052061825,25.2220369814974,21.4924327841648,19048502.0
Romania,2021,33.9,14180.0,6.37801653902932,26.4890320985714,21.7905654511612,19122059.0
Romania,2020,34.6,12720.0,-3.06561724934225,25.8547218167581,22.7203629522355,19265250.0
Romania,2019,34.8,12660.0,4.50941296110349,24.71556311196,23.777358865796,19371648.0
Romania,2018,35.8,11490.0,6.01553045118388,25.6917391714929,25.7089040907583,19473970.0
Romania,2017,36.0,10030.0,8.82266657090874,26.6684604630278,26.8112179009383,19588715.0
Romania,2016,34.4,9460.0,3.45169541464914,28.5586243050561,28.1336512936056,19702267.0
Romania,2015,35.9,9610.0,3.64306941096366,29.9038145680168,28.7831763980588,19815616.0
Romania,2014,36.0,9760.0,4.50672544401942,31.085760270442,30.8104948329984,19908979.0
Romania,2013,36.9,9390.0,0.651822267051088,34.1696505303704,31.6997596547282,19983693.0
Romania,2012,36.5,9260.0,2.35828066727251,35.9605697947908,33.2297419283097,20058035.0
Romania,2011,35.9,9080.0,5.01083371448033,37.4326073949952,35.2794690183324,20147528.0
Romania,2010,35.5,8770.0,-3.33335291355054,38.2860073711137,35.4587977044199,20246871.0
Romania,2009,35.6,9220.0,-4.72628859385392,37.0085626096682,36.2429413854807,20367487.0
Romania,2008,36.4,8800.0,11.1442089014979,35.9149171389437,36.8059593176549,20537875.0
Romania,2007,37.5,6510.0,8.82964823723904,33.9999546690076,,20882982.0
Romania,2006,39.6,4900.0,8.67067585292331,26.005425621115,,21193760.0
Romania,2005,29.8,3880.0,5.3165061122384,20.0582548606141,,21319685.0
Russian Federation,2022,33.9,12890.0,-1.09717176252111,,21.3831634672586,144236933.0
Russian Federation,2021,35.1,11710.0,6.21857740869952,54.6422447762479,22.7610485209332,144746762.0
Russian Federation,2020,33.7,10660.0,-2.52680431743222,59.5836264990744,24.1943457660054,145245148.0
Russian Federation,2019,35.7,11190.0,2.14202624717367,52.5614289246344,25.2961997878763,145453291.0
Russian Federation,2018,35.3,10180.0,2.71659271660542,51.2433106717876,25.9969991930279,145398106.0
Russian Federation,2017,35.5,9160.0,1.61387325924203,52.0765975053134,29.0164120202405,145293260.0
Russian Federation,2016,36.7,9680.0,-0.0904862004782103,53.1024738337766,29.9642723488314,145015460.0
Russian Federation,2015,36.5,11740.0,-2.2762114110788,55.9520226893608,32.7927955793792,144640716.0
Russian Federation,2014,36.9,14590.0,-1.12194041744186,54.8322798937112,36.9299712173785,144237223.0
Russian Federation,2013,40.9,15160.0,1.45314767875932,48.0247500537777,38.4762098504765,143805638.0
Russian Federation,2012,40.7,13470.0,3.76271915500016,43.9139602428073,38.2767280108078,143378447.0
Russian Federation,2011,39.7,11060.0,4.17697624368184,41.6986059819676,36.8145154205145,143018195.0
Russian Federation,2010,39.5,9980.0,4.45309639834757,42.8400452491127,35.1572481525447,142849468.0
Russian Federation,2009,39.8,9230.0,-7.8277499767233,45.260909297208,34.7431510727552,142785348.0
Russian Federation,2008,41.6,9580.0,5.24621001829865,41.5540438231948,35.6349779018285,142742366.0
Russian Federation,2007,42.3,7560.0,8.68576548155966,37.783577717454,33.6580505170328,142805114.0
Russian Federation,2006,41.0,5810.0,8.55494147469737,30.9419240283111,30.360744136382,143049637.0
Russian Federation,2005,41.3,4450.0,6.80660765259209,25.9225395243251,28.4432044724061,143518814.0
Rwanda,2022,,940.0,5.81773274151854,22.8466317008821,3.13776634445974,13651030.0
Rwanda,2021,,840.0,8.45600930488553,25.3431515385739,3.30631876413694,13355260.0
Rwanda,2020,,770.0,-5.51636902603423,25.0510689076079,4.51336520270651,13065837.0
Rwanda,2019,,820.0,6.97929630145144,21.4605470851456,5.2378386117167,12776103.0
Rwanda,2018,,770.0,6.03177996523696,21.3998848838406,5.67935179664828,12487996.0
Rwanda,2017,,720.0,1.50906456900377,20.5944112008927,6.08824659185316,12202060.0
Rwanda,2016,43.7,730.0,3.48878829333981,20.4751724214641,6.19355380022713,11919183.0
Rwanda,2015,,740.0,6.28259221925458,20.9997079033272,6.13206720745659,11640022.0
Rwanda,2014,,720.0,3.63164570583949,17.6303961518493,5.85492838596889,11364757.0
Rwanda,2013,45.1,710.0,2.23301483103715,16.2164793656958,5.9683188679996,11093340.0
Rwanda,2012,,690.0,6.07172678530065,15.751520287001,5.62103044413424,10829901.0
Rwanda,2011,,640.0,5.34277697300234,13.266031975479,5.4544954241668,10573733.0
Rwanda,2010,47.2,590.0,4.65979796365141,11.4913039096026,4.91511198990406,10317553.0
Rwanda,2009,,540.0,3.54291916809377,11.1602839395087,4.9250647084379,10060432.0
Rwanda,2008,,470.0,8.27757420238298,13.3642833875073,4.60757759721055,9804269.0
Rwanda,2007,,400.0,4.80790992688792,12.0334423138205,1.08008065822678,9549933.0
Rwanda,2006,,350.0,6.3526672914531,11.7688790747319,0.734865169199879,9299246.0
Rwanda,2005,52.0,310.0,6.50669742325816,10.3108984751212,0.776491713377496,9054528.0
Samoa,2022,,4130.0,1.56297610835598,88.9388105226728,23.0492750282714,215261.0
Samoa,2021,,3990.0,-5.858576704261,94.8929662698081,23.486583289296,213779.0
Samoa,2020,,4080.0,-4.09792925699939,87.0117425741679,22.4858901039598,211944.0
Samoa,2019,,4270.0,3.35744960284687,83.2552204336508,22.1007948665188,209780.0
Samoa,2018,,4100.0,-1.6472076564482,81.5490928958181,22.3687762736704,207582.0
Samoa,2017,,4100.0,0.460419453590006,77.6480471167447,21.8378074841286,205415.0
Samoa,2016,,4120.0,7.07276114056432,75.6587264027233,22.0814964945624,203499.0
Samoa,2015,,3970.0,2.95226941311462,72.1232757494908,20.7267103521946,201782.0
Samoa,2014,,3830.0,-0.23024857506843,72.8579015455698,23.3567706445663,200037.0
Samoa,2013,38.7,3750.0,-0.786395614806608,67.8150583119762,21.9808847713174,198268.0
Samoa,2012,,3590.0,-4.60663349940492,65.1250035342188,18.1132572576529,196498.0
Samoa,2011,,3570.0,2.94772599922624,63.5581420496614,17.4880498326144,194713.0
Samoa,2010,,3430.0,5.29451664588825,61.9859405414786,24.4298988265225,193023.0
Samoa,2009,,3160.0,-1.27185467227797,57.0443221065739,25.566293398783,191513.0
Samoa,2008,42.0,2970.0,2.81854653180625,57.1993974576489,22.419784597608,190107.0
Samoa,2007,,2660.0,-0.0698092296218391,59.3708905878799,22.6846398813419,188753.0
Samoa,2006,,2470.0,1.73439136988327,,20.3133555897055,187709.0
Samoa,2005,,2240.0,6.22343288364944,,17.8483780286466,186978.0
San Marino,2022,,53880.0,9.48711055571971,,122.569881856253,33755.0
San Marino,2021,,48160.0,15.6202890686695,,122.766334742873,34252.0
San Marino,2020,,40540.0,-6.93518932061002,,132.396374376209,34770.0
San Marino,2019,,43770.0,1.6505086881123,,138.973628906515,34663.0
San Marino,2018,,41800.0,-0.555259040981809,,177.093621223989,34522.0
San Marino,2017,,40010.0,-1.88769119879011,,185.134393856281,33825.0
San Marino,2016,,,1.7136618106599,,218.212046690451,33101.0
San Marino,2015,,,1.53901918424206,,224.066099499352,32897.0
San Marino,2014,,,0.471381910733299,,232.730350153391,32655.0
San Marino,2013,,,0.501232920728725,,244.239141977275,33041.0
San Marino,2012,,,-9.40251314800584,,249.039419382382,33469.0
San Marino,2011,,,-6.48781473647414,,250.708524089819,32620.0
San Marino,2010,,,-6.05328650752219,,273.091167558266,33270.0
San Marino,2009,,,-14.1287766020679,,277.968166933211,33066.0
San Marino,2008,,,-1.91822422078984,,281.548904659056,31662.0
San Marino,2007,,,3.5848833240598,,285.379202501955,31211.0
San Marino,2006,,,2.63299672869908,,273.159144893112,30184.0
San Marino,2005,,,1.12402388406122,,256.225478421011,29836.0
Sao Tome and Principe,2022,,2430.0,-1.75407310474412,12.8517556324548,14.5315043013253,226305.0
Sao Tome and Principe,2021,,2220.0,-0.17852659147141,17.688068697072,17.1924054417701,221961.0
Sao Tome and Principe,2020,,2030.0,0.716646434339125,19.8916048546394,19.2541704533202,217435.0
Sao Tome and Principe,2019,,1810.0,0.482132360625684,22.4900353352698,19.7886571417264,213392.0
Sao Tome and Principe,2018,,1660.0,2.78057714923384,24.7710907623132,20.2335764060312,210187.0
Sao Tome and Principe,2017,40.7,1440.0,2.46252459071385,29.4387086522031,23.9810136526392,206970.0
Sao Tome and Principe,2016,,1420.0,3.42223386315462,31.4994056021872,24.4857982370225,203689.0
Sao Tome and Principe,2015,,1400.0,-0.246825905363622,33.2568293234458,29.282324672081,200291.0
Sao Tome and Principe,2014,,1430.0,2.97674276212585,32.7441700381867,29.8360770823827,196767.0
Sao Tome and Principe,2013,,1320.0,3.10107564312558,36.3258991131174,31.267867352773,193148.0
Sao Tome and Principe,2012,,1160.0,0.883420959148197,41.6488935329021,30.9076860142721,189439.0
Sao Tome and Principe,2011,,1140.0,-0.114189921572034,39.7466623532112,27.8213129804973,185649.0
Sao Tome and Principe,2010,30.8,1090.0,-0.755150615358019,39.1859416288133,27.5152757220388,181802.0
Sao Tome and Principe,2009,,1070.0,0.944228915067228,32.6962257784767,23.3007446529645,177853.0
Sao Tome and Principe,2008,,1000.0,3.72699030635786,27.6258018632268,18.8774851215611,173793.0
Sao Tome and Principe,2007,,940.0,1.16067244882319,30.7928682115687,,169700.0
Sao Tome and Principe,2006,,910.0,6.23775372046612,26.1198803251185,,165638.0
Sao Tome and Principe,2005,,800.0,4.01981821374629,22.229377388692,,161639.0
Saudi Arabia,2022,,35110.0,7.15912905732745,,7.24727179531687,32175224.0
Saudi Arabia,2021,,30480.0,9.17745692710805,,7.42697150484686,30784383.0
Saudi Arabia,2020,,26940.0,-8.3434729070232,,7.65876940741183,31552510.0
Saudi Arabia,2019,,29140.0,2.09953683085793,,7.92313749607661,30063799.0
Saudi Arabia,2018,,26570.0,5.89707730206987,,,30196281.0
Saudi Arabia,2017,,23130.0,1.10646877226159,50.1375935809361,8.35657930968429,30977355.0
Saudi Arabia,2016,,23940.0,-2.03439520588341,54.375771847036,8.43256001596313,30954198.0
Saudi Arabia,2015,,26580.0,-0.634810334471936,52.7601798097453,8.4210444723826,29816382.0
Saudi Arabia,2014,,29080.0,1.5065962283723,42.5570781320296,8.33657497512943,28309273.0
Saudi Arabia,2013,,28620.0,-2.47720466086211,39.0113411908332,7.84212718142354,27624004.0
Saudi Arabia,2012,,27610.0,1.40889754697817,35.5685109967177,7.72609871145489,26168861.0
Saudi Arabia,2011,,24110.0,6.79984191573597,33.6286944686693,7.72220937782678,25091867.0
Saudi Arabia,2010,,21820.0,6.08720360847519,39.1641936148322,7.77165826649402,23978487.0
Saudi Arabia,2009,,19810.0,-4.86501611210622,45.6298013133911,7.73833272869752,24217654.0
Saudi Arabia,2008,,20540.0,2.04298819113291,37.6843188466467,7.55299783716815,23287877.0
Saudi Arabia,2007,,17870.0,-1.94086075361376,37.071588765142,7.62499453171013,22368313.0
Saudi Arabia,2006,,16250.0,-1.01590810452811,33.7245867667594,7.66267101922039,21459144.0
Saudi Arabia,2005,,14620.0,1.35662290420511,35.4189179790554,7.68088515562851,20559890.0
Senegal,2022,,1600.0,1.31913435017567,,5.51350072873882,17651103.0
Senegal,2021,36.2,1530.0,3.8734325976821,,5.65678188120555,17220867.0
Senegal,2020,,1440.0,-1.29147593329481,,5.2718649285195,16789219.0
Senegal,2019,,1430.0,1.80892290260792,,5.25627767538573,16352922.0
Senegal,2018,38.3,1390.0,3.27615846996514,,5.65705965268784,15914498.0
Senegal,2017,,1270.0,4.3502357301897,,5.81172836765732,15475002.0
Senegal,2016,,1270.0,3.23503572393487,,5.18364303817123,15034521.0
Senegal,2015,,1310.0,3.15103873013858,26.0270900638997,5.14492015083926,14593331.0
Senegal,2014,,1370.0,2.91207940579723,26.2683021520426,4.80460515729596,14152102.0
Senegal,2013,,1350.0,-0.578035528287558,25.83777854403,4.7455589477514,13710849.0
Senegal,2012,,1320.0,1.2557464643975,23.7418545535743,4.82200346784636,13310495.0
Senegal,2011,40.3,1310.0,-1.19544188286081,23.2639770821587,4.58393283648975,12958897.0
Senegal,2010,,1340.0,0.952269607225944,20.6473949679879,4.27251566565654,12635413.0
Senegal,2009,,1330.0,0.349911484355829,19.648803881895,4.01256944595798,12337389.0
Senegal,2008,,1240.0,1.30518111750766,19.1509081902473,3.82480439016385,12048959.0
Senegal,2007,,1090.0,0.466183194352098,18.3671939849098,3.15247373243143,11770344.0
Senegal,2006,,1020.0,-0.0239030984175912,18.1839986481957,2.97284509411715,11500094.0
Senegal,2005,39.2,980.0,1.8985497213755,18.3813163760431,2.5566264622416,11235472.0
Serbia,2022,32.8,9790.0,5.32139169050186,38.3866557415795,24.3408120536824,6664449.0
Serbia,2021,33.1,8890.0,8.97258082321535,41.4324145562729,26.164142188203,6834326.0
Serbia,2020,35.0,7790.0,-0.288042264925664,43.4490578103864,26.9567576135117,6899126.0
Serbia,2019,34.5,7380.0,5.31381889246718,40.1665718331813,27.1257480314565,6945235.0
Serbia,2018,35.0,6700.0,5.22266888313776,39.7209777742175,27.0053875748212,6982604.0
Serbia,2017,36.1,5810.0,2.90962447502095,38.7133440067721,27.3830560951032,7020858.0
Serbia,2016,38.8,5920.0,3.5158880281917,39.4038438717395,28.8205821261823,7058322.0
Serbia,2015,40.5,6210.0,1.81545266180656,39.02912480491,28.8981308813946,7095383.0
Serbia,2014,40.4,6450.0,-1.32558635982964,39.0904356774546,29.6507039139256,7131787.0
Serbia,2013,39.4,6630.0,0.941379127713546,39.3038448195601,32.7335806717795,7166553.0
Serbia,2012,39.9,6310.0,0.040200455150412,44.7225076038649,36.2639791334186,7201497.0
Serbia,2011,,6380.0,0.813571323609423,43.1230214909877,38.4238891226723,7236519.0
Serbia,2010,29.0,6500.0,2.02027708357562,45.3256409035753,39.8068200323418,7291436.0
Serbia,2009,28.0,6680.0,-2.75343779759604,38.6174659825616,42.3721095654558,7320807.0
Serbia,2008,27.6,6250.0,5.60952327700927,35.4409708807337,43.8335632110596,7350222.0
Serbia,2007,28.7,5000.0,8.27017213045292,30.5858150183485,39.1780814070246,7381579.0
Serbia,2006,29.7,4280.0,4.31001289636497,25.6120705706489,34.9910710795461,7411569.0
Serbia,2005,36.5,3940.0,6.22214171795731,25.8089636070395,30.7796147833585,7440769.0
Seychelles,2022,,14700.0,-6.67665692527599,,38.9899016154816,119878.0
Seychelles,2021,,14950.0,-0.254097866449726,,39.3313667649951,99258.0
Seychelles,2020,,15400.0,-12.4901374474458,,41.0155991585187,98462.0
Seychelles,2019,,18700.0,4.58155113586345,,44.0846425136262,97625.0
Seychelles,2018,32.1,17620.0,3.94280692985572,,41.8048925209699,96762.0
Seychelles,2017,,16180.0,5.65298679577909,,53.1002369087493,95843.0
Seychelles,2016,,15630.0,10.6277900412689,24.5166106524244,53.7271487415449,94677.0
Seychelles,2015,,14750.0,6.51232550996488,24.3497337704834,54.447981236388,93419.0
Seychelles,2014,,13340.0,2.45761243916046,24.3504437974192,54.2926947750425,91359.0
Seychelles,2013,46.8,12350.0,-0.599133304568014,21.3672112428035,49.395629939563,89949.0
Seychelles,2012,,12540.0,2.10412826503328,20.8600885056372,48.8968572656285,88303.0
Seychelles,2011,,11150.0,12.4265876590009,22.3906178455983,48.0401134947681,87441.0
Seychelles,2010,,10160.0,1.62737013590673,24.1552557359059,47.0685141058453,89770.0
Seychelles,2009,,10310.0,-2.86142425794473,19.9920673192168,47.1755539323107,87298.0
Seychelles,2008,,11520.0,-4.87712623002744,27.5236066293084,47.622705276903,86956.0
Seychelles,2007,,12890.0,8.32165420663699,23.7891064426077,41.0340582683627,85033.0
Seychelles,2006,42.8,13380.0,7.15334515370103,21.3959512451102,41.4593698175788,84600.0
Seychelles,2005,,11850.0,8.5018972132326,23.3799538731127,40.927247724445,82858.0
Sierra Leone,2022,,920.0,2.99519003006155,3.53787339525637,2.57065101070381,8276807.0
Sierra Leone,2021,,890.0,3.51527957069044,4.22614923062742,,8094602.0
Sierra Leone,2020,,840.0,-3.50677788869559,3.61989140647132,,7912558.0
Sierra Leone,2019,,850.0,3.08171137743476,3.8596499447201,,7731991.0
Sierra Leone,2018,35.7,830.0,0.50674429876733,3.64060322537035,,7554563.0
Sierra Leone,2017,,840.0,0.774679247758442,3.32767662198057,,7379299.0
Sierra Leone,2016,,930.0,3.96056326178993,3.51808121980782,,7205328.0
Sierra Leone,2015,,950.0,-6.55487587621558,3.34736817264329,,7037655.0
Sierra Leone,2014,,970.0,-9.99126868436694,3.19014735484619,,6876385.0
Sierra Leone,2013,,970.0,11.8800866018127,3.12773073712043,,6714051.0
Sierra Leone,2012,,830.0,7.81299564274897,3.41408221065244,2.62610788926578,6551080.0
Sierra Leone,2011,34.0,710.0,5.31595837430623,4.64030943290693,2.6276918911817,6387251.0
Sierra Leone,2010,,690.0,3.5002192188053,4.73162828499164,2.57243666948266,6222714.0
Sierra Leone,2009,,650.0,-1.1672975048301,5.10499215021143,2.45587678612108,6055646.0
Sierra Leone,2008,,580.0,1.12905319443597,3.35926777488606,2.03633520171936,5894722.0
Sierra Leone,2007,,480.0,1.49613150255581,2.57102263810254,1.61461863754293,5749352.0
Sierra Leone,2006,,440.0,2.0071311854182,1.95445378938047,1.34721495457589,5624466.0
Sierra Leone,2005,,440.0,1.58434555022808,2.16953030664871,1.19091457538411,5501712.0
Singapore,2022,,66910.0,0.719821622511958,,6.418995397037,5637022.0
Singapore,2021,,65010.0,14.4308159309526,,6.93820393860794,5453566.0
Singapore,2020,,55780.0,-3.51423380533573,129.190831594566,7.00717815330024,5685807.0
Singapore,2019,,58430.0,0.15539750940367,119.467541690019,7.80860256369803,5703569.0
Singapore,2018,,56360.0,2.96719699276471,117.705383912056,8.12064613678441,5638676.0
Singapore,2017,,55230.0,4.38437834929044,120.835774929407,8.22781582775789,5612253.0
Singapore,2016,,53470.0,2.41021443466256,123.483066251546,8.6973383293126,5607283.0
Singapore,2015,,53160.0,1.76232468638902,122.421353845761,8.96235397365523,5535002.0
Singapore,2014,,56380.0,2.59472315486744,128.129763309946,9.02816915043034,5469724.0
Singapore,2013,,54470.0,3.13397914899265,124.065951568619,9.14573090346756,5399162.0
Singapore,2012,,51710.0,1.90446223662212,112.973543165736,9.45508365783777,5312437.0
Singapore,2011,,48250.0,4.02338164865897,104.703673841577,9.61775801317297,5183688.0
Singapore,2010,,44930.0,12.5085215498552,94.8584026979012,9.8547062539482,5076732.0
Singapore,2009,,37320.0,-2.84677194924208,96.8613765494725,9.89829035314979,4987573.0
Singapore,2008,,37230.0,-3.41549269446281,97.8643623312414,10.0051153604515,4839396.0
Singapore,2007,,36010.0,4.57298627096552,85.3517596047783,10.4815270907061,4588599.0
Singapore,2006,,32550.0,5.64834329383781,84.2870559979133,10.9146325283951,4401365.0
Singapore,2005,,28830.0,4.87209326850753,89.2233561956159,11.2713708882919,4265762.0
Sint Maarten (Dutch part),2022,,36960.0,12.364719143786,,,42139.0
Sint Maarten (Dutch part),2021,,31430.0,3.16129245692684,,,41571.0
Sint Maarten (Dutch part),2020,,29440.0,-14.6336937315718,,,41008.0
Sint Maarten (Dutch part),2019,,34060.0,9.11581322620327,,,40385.0
Sint Maarten (Dutch part),2018,,31140.0,-8.53633432632274,,,39712.0
Sint Maarten (Dutch part),2017,,32950.0,-9.30645194996998,,,38996.0
Sint Maarten (Dutch part),2016,,35260.0,-1.0859663357852,,,38249.0
Sint Maarten (Dutch part),2015,,31890.0,-2.02875877780978,,,37471.0
Sint Maarten (Dutch part),2014,,29620.0,-0.685454189827837,,,36672.0
Sint Maarten (Dutch part),2013,,27400.0,-1.04128853057725,,,35854.0
Sint Maarten (Dutch part),2012,,26910.0,-0.798052973690176,,,35023.0
Sint Maarten (Dutch part),2011,,26550.0,3.15617110858607,,,34267.0
Sint Maarten (Dutch part),2010,,,2.2746924085417,,,33794.0
Sint Maarten (Dutch part),2009,,,,,,33491.0
Sint Maarten (Dutch part),2008,,,,,,33145.0
Sint Maarten (Dutch part),2007,,,,,,32791.0
Sint Maarten (Dutch part),2006,,,,,,32428.0
Sint Maarten (Dutch part),2005,,,,,,32057.0
Slovak Republic,2022,24.1,21890.0,0.831412246801008,66.7389252233433,20.647541871904,5431752.0
Slovak Republic,2021,24.1,21010.0,5.88046673143569,65.1124824665326,21.1253804423498,5447247.0
Slovak Republic,2020,24.2,19420.0,-2.66902849173539,65.647590409826,23.3998731400366,5458827.0
Slovak Republic,2019,23.2,19230.0,2.13758470717096,62.4645072522501,24.8853055210108,5454147.0
Slovak Republic,2018,25.0,18460.0,3.91808506492153,61.4419464182066,25.6708160924446,5446771.0
Slovak Republic,2017,23.2,16710.0,2.71521709643727,59.8779995896911,26.9687691205635,5439232.0
Slovak Republic,2016,25.2,16900.0,1.81646959957402,56.6716350835336,28.2936101928384,5430798.0
Slovak Republic,2015,26.5,17800.0,5.07697290945579,52.3332827421394,28.2834801613922,5423801.0
Slovak Republic,2014,26.1,18380.0,2.608326498525,49.5007725734467,28.0250002179238,5418649.0
Slovak Republic,2013,28.1,18280.0,0.595167879643,47.6850567150792,26.9452037101036,5413393.0
Slovak Republic,2012,26.1,17830.0,1.39646371759601,46.1588560713764,26.6809139688023,5407579.0
Slovak Republic,2011,26.5,17560.0,2.43026958601608,46.0061634074872,26.0164538741193,5398384.0
Slovak Republic,2010,27.3,17600.0,6.69110844613654,44.343508773778,26.3237731970025,5391428.0
Slovak Republic,2009,27.2,17120.0,-5.6311751026805,44.9194546305034,26.4596426717558,5386406.0
Slovak Republic,2008,26.0,17250.0,5.27306126349816,40.6976887506674,27.7698494869746,5379233.0
Slovak Republic,2007,24.7,14940.0,10.78629912015,37.3662896469429,25.9495519436458,5374622.0
Slovak Republic,2006,25.8,12950.0,8.92067971952331,33.7617521924944,26.3021337912265,5373054.0
Slovak Republic,2005,29.3,11310.0,6.47448748514556,,25.7269083085375,5372807.0
Slovenia,2022,24.3,29590.0,2.47421045586167,41.1837741977308,21.452945422366,2112076.0
Slovenia,2021,24.3,28320.0,8.12577517618843,41.1011816349725,22.5964052698844,2108079.0
Slovenia,2020,24.0,25380.0,-4.72524968037921,43.5705752100631,24.6803059011733,2102419.0
Slovenia,2019,24.4,25900.0,2.78704541391961,42.7155413062598,27.4948778792698,2088385.0
Slovenia,2018,24.6,24510.0,4.00130649890984,43.7031144504248,27.953560726838,2073894.0
Slovenia,2017,24.2,22040.0,5.10589384792048,45.4705282131968,29.5085235769116,2066388.0
Slovenia,2016,24.8,21610.0,2.95902414777296,47.1423210691584,30.6926633715236,2065042.0
Slovenia,2015,25.4,22080.0,2.31634491842804,50.3438324798083,31.2523126142076,2063531.0
Slovenia,2014,25.7,23400.0,2.66181374029557,55.0323999116201,31.9158014507182,2061980.0
Slovenia,2013,26.2,23040.0,-0.958293257973466,66.0950404435005,34.5079490510314,2059953.0
Slovenia,2012,25.6,23010.0,-3.11922481726151,79.9774795596475,38.529032023422,2057159.0
Slovenia,2011,24.9,24340.0,0.446560894988352,82.4615147544276,38.3741198113926,2052843.0
Slovenia,2010,24.9,24370.0,0.672167911403392,85.7952635585285,38.8566253106254,2048583.0
Slovenia,2009,24.8,24260.0,-8.42208868943828,84.0579308898163,39.6749055366188,2039669.0
Slovenia,2008,23.7,24530.0,3.20889412209657,76.7749948108283,39.493311180234,2021316.0
Slovenia,2007,24.4,21710.0,6.54177241190229,71.3390529196501,40.3615239358252,2018122.0
Slovenia,2006,24.4,19710.0,5.57134966652504,60.347620855334,39.8160798921832,2006868.0
Slovenia,2005,24.6,18180.0,3.6743988121375,52.6644953790486,40.2559813678983,2000474.0
Solomon Islands,2022,,2010.0,-4.88870843999941,34.7058484961552,3.85475291033845,781066.0
Solomon Islands,2021,,2120.0,-2.59513572745166,32.8265544242241,3.95900335583755,762591.0
Solomon Islands,2020,,2170.0,-5.50324350800385,32.5671298012795,3.83074797748478,744498.0
Solomon Islands,2019,,2210.0,-0.912183037350545,30.7380689311402,3.93642670865522,728147.0
Solomon Islands,2018,,2150.0,-0.648914414273463,30.6970656700723,4.04397826361683,709101.0
Solomon Islands,2017,,2020.0,-0.426120235207534,33.2262826138865,4.155239757334,685672.0
Solomon Islands,2016,,2000.0,1.8954619438627,34.2209105536141,4.003512414892,662379.0
Solomon Islands,2015,,2010.0,-1.90313667351086,33.0139037072347,3.84093060261458,639415.0
Solomon Islands,2014,,2090.0,-2.41306586755394,31.6209576595909,3.94873414865292,616908.0
Solomon Islands,2013,,2090.0,1.46287648550671,29.3146308858805,3.4795215657847,594945.0
Solomon Islands,2012,37.1,1820.0,-1.22485253459861,19.7202924015181,3.87444416627922,573606.0
Solomon Islands,2011,,1690.0,3.54895845172413,18.8403653532196,3.98155010933949,552945.0
Solomon Islands,2010,,1600.0,6.65612594404901,20.5357764962235,4.40480123334434,532968.0
Solomon Islands,2009,,1460.0,1.00843919853824,23.7690927080514,7.42870062336488,518141.0
Solomon Islands,2008,,1380.0,4.42328745185992,25.2436264854406,7.61879523659672,508790.0
Solomon Islands,2007,,1260.0,1.86556171568819,23.2678785730327,7.80939640156595,500156.0
Solomon Islands,2006,,1190.0,2.33369145793722,18.533202473488,8.0050954172569,491594.0
Solomon Islands,2005,46.1,1130.0,5.47693948660554,15.397419232815,7.85061002808377,483080.0
"Somalia, Fed. Rep.",2022,,570.0,-0.342614533940647,3.85293700578261,,17801897.0
"Somalia, Fed. Rep.",2021,,540.0,-0.267727633939771,3.36973144089423,,17271431.0
"Somalia, Fed. Rep.",2020,,500.0,-6.38636194168187,2.5422304713491,,16651191.0
"Somalia, Fed. Rep.",2019,,520.0,-0.909258009902032,2.21647790307301,,16030971.0
"Somalia, Fed. Rep.",2018,,510.0,-1.48470237917039,2.22417703619967,,15452487.0
"Somalia, Fed. Rep.",2017,,500.0,10.3677043802939,,,14916629.0
"Somalia, Fed. Rep.",2016,,450.0,2.99347020739935,,,14348740.0
"Somalia, Fed. Rep.",2015,,440.0,6.72219258601305,,,13806963.0
"Somalia, Fed. Rep.",2014,,410.0,5.13914593415699,,,13339491.0
"Somalia, Fed. Rep.",2013,,340.0,7.43785495856901,,,12869594.0
"Somalia, Fed. Rep.",2012,,280.0,5.73256533810552,,,12461160.0
"Somalia, Fed. Rep.",2011,,250.0,5.94202931699242,,,12348830.0
"Somalia, Fed. Rep.",2010,,290.0,4.07910489707555,,,12261756.0
"Somalia, Fed. Rep.",2009,,380.0,4.03513734394411,,,11961201.0
"Somalia, Fed. Rep.",2008,,510.0,3.5794262149137,,,11663084.0
"Somalia, Fed. Rep.",2007,,480.0,3.4237661469617,,,11322582.0
"Somalia, Fed. Rep.",2006,,450.0,3.27228849951535,,,10975502.0
"Somalia, Fed. Rep.",2005,,390.0,3.45521790909243,,,10644228.0
South Africa,2022,54.1,6530.0,0.62521727101273,91.5697287634873,9.10414298327623,62378410.0
South Africa,2021,,6320.0,3.25562042833964,93.1963897397387,9.47530867694664,61502603.0
South Africa,2020,,5930.0,-7.67873309598839,109.054691372725,9.29062709131586,60562381.0
South Africa,2019,,6570.0,-1.3803610544763,117.185556861489,9.64006230137908,59587885.0
South Africa,2018,,6250.0,-0.1374850396532,118.380857963487,10.1800394881849,58613001.0
South Africa,2017,,5850.0,0.49869596172698,127.030283858454,10.3832663872233,57635162.0
South Africa,2016,,5880.0,-0.277781475736276,124.360496111764,9.97584864856199,57259551.0
South Africa,2015,,6450.0,-0.694265293924985,127.203244242731,10.1853356816662,56723537.0
South Africa,2014,59.6,7230.0,-0.257188966137676,128.838374779653,10.6458021193414,55594838.0
South Africa,2013,,7930.0,0.805658809846705,127.029272479725,9.89867563136927,54678791.0
South Africa,2012,,8220.0,0.897179683754416,125.167785450237,9.71164026317756,53782567.0
South Africa,2011,,7620.0,1.90092049729387,118.970675992703,9.99577173786909,52995205.0
South Africa,2010,60.9,6730.0,1.82804672464107,124.093899905646,9.53282001165996,52344051.0
South Africa,2009,,6350.0,-2.70664075062311,121.094546324717,8.84323128697786,51728516.0
South Africa,2008,62.5,6490.0,2.00798658438173,125.955880255506,7.48279670072164,51114599.0
South Africa,2007,,6440.0,4.25469604690063,142.422045511185,5.73510823133044,50528584.0
South Africa,2006,,6120.0,4.53031944639788,139.007367744321,7.04304690018441,49998277.0
South Africa,2005,65.0,5430.0,4.21638584977106,122.283168033262,6.82655209525084,49490033.0
South Sudan,2022,,,,3.01716131679904,1.58339349956571,11021177.0
South Sudan,2021,,,,2.75015423943811,1.56504503879881,10865780.0
South Sudan,2020,,,,1.92500455443695,1.64341181287871,10698467.0
South Sudan,2019,,,,1.70350480610621,1.62426907891449,10423384.0
South Sudan,2018,,,,1.52680961002147,1.59271203929221,10122977.0
South Sudan,2017,,,,1.7050712207929,1.59920985127175,10259154.0
South Sudan,2016,44.0,,,4.42474874705564,1.67567981760795,10830102.0
South Sudan,2015,,1050.0,-9.76929494253935,2.3046060068698,1.58199512365823,11107561.0
South Sudan,2014,,1170.0,2.7406396602203,1.81010943088354,1.79024131674584,11235073.0
South Sudan,2013,,1080.0,8.97551236063792,1.13382804534706,1.35104769089644,11166275.0
South Sudan,2012,,800.0,-48.4287258315307,1.12348529534462,0.88715372373904,10756240.0
South Sudan,2011,,770.0,-9.66551859182802,0.497601393833536,0.711128449099965,10288109.0
South Sudan,2010,,,0.0553052206663267,,0.704241247771031,9745953.0
South Sudan,2009,46.3,,0.201710077462366,,0.673373336840005,9243556.0
South Sudan,2008,,,,,,8817647.0
South Sudan,2007,,,,,,8388788.0
South Sudan,2006,,,,,,7976526.0
South Sudan,2005,,,,,,7590143.0
Spain,2022,33.6,32690.0,5.60841068844668,88.1124065404768,33.5697036071479,47786102.0
Spain,2021,33.9,30380.0,6.49336738803039,98.4256244971566,37.3021362544501,47443821.0
Spain,2020,34.9,27410.0,-11.3931290455953,107.572523897153,45.5150038095232,47359424.0
Spain,2019,34.3,30560.0,1.23303741249605,94.4116262931619,49.6412881888185,47118501.0
Spain,2018,34.7,29530.0,1.93406292039191,98.8298869234399,55.2324584738804,46782011.0
Spain,2017,34.7,27290.0,2.64617061107108,105.15698823272,58.7828713308906,46571232.0
Spain,2016,35.8,27760.0,2.83577124069477,110.901834158974,62.0541575626791,46458139.0
Spain,2015,36.2,28700.0,4.14701193619516,118.216890256018,67.7137964214643,46422303.0
Spain,2014,36.1,29350.0,1.83396646193863,129.358996447371,69.9180673491453,46460733.0
Spain,2013,36.2,29400.0,-1.07017018206768,145.759575372544,73.8306845302257,46604197.0
Spain,2012,35.4,29710.0,-2.92815897770406,157.434331694924,84.0600471095071,46773055.0
Spain,2011,35.7,31170.0,-0.992358604711711,167.027107954599,88.559234663204,46742697.0
Spain,2010,35.2,32060.0,-0.365660089983677,171.325123358508,96.1349323164322,46576897.0
Spain,2009,34.9,32630.0,-4.61672962915983,173.382324159591,99.396508353476,46362946.0
Spain,2008,34.2,32270.0,-0.827648476802253,170.743020696995,104.012420057513,45954106.0
Spain,2007,34.1,29780.0,1.63463980710374,167.635941463016,104.412479675747,45226803.0
Spain,2006,33.5,27860.0,2.29951501349761,156.580256642945,101.989158839386,44397319.0
Spain,2005,32.4,25910.0,1.81657732789419,135.871253994626,99.4429651246566,43653155.0
Sri Lanka,2022,,3620.0,-7.45361888091261,,17.2256876416819,22181000.0
Sri Lanka,2021,,4010.0,3.09278196860629,,17.287226773206,22156000.0
Sri Lanka,2020,,3880.0,-5.12926234602416,,17.5474011188424,21919000.0
Sri Lanka,2019,37.7,4220.0,-0.829146715022418,47.0084929450456,17.6837708865803,21803000.0
Sri Lanka,2018,,4350.0,1.28556702964238,46.6984073263911,17.6818837254432,21670000.0
Sri Lanka,2017,,4220.0,5.24982935111058,43.8827525641269,17.7404079369846,21453000.0
Sri Lanka,2016,39.3,4020.0,3.86979649875681,42.475665287697,17.7809311115483,21209000.0
Sri Lanka,2015,,3920.0,3.25185230562724,39.381850442699,17.5818177762674,20970000.0
Sri Lanka,2014,,3810.0,5.38986888056003,34.4936288808734,17.3613000393083,20778000.0
Sri Lanka,2013,,3630.0,7.00602738719888,33.5393607635157,17.0195295936252,20585000.0
Sri Lanka,2012,38.7,3340.0,7.80902906849383,34.0180437824337,16.397492031316,21169458.0
Sri Lanka,2011,,2830.0,7.99726895717046,33.738796952333,15.5947694654671,21009048.0
Sri Lanka,2010,,2360.0,7.38142864801097,24.6842616568751,14.0116687254357,20879089.0
Sri Lanka,2009,36.1,1950.0,2.90511614609032,25.7400301594433,12.9266805242432,20756435.0
Sri Lanka,2008,,1740.0,5.24732975759279,29.5420065164895,12.1678129055869,20629378.0
Sri Lanka,2007,,1500.0,6.06651827130165,34.2395036816845,11.5815968091393,20492545.0
Sri Lanka,2006,39.7,1320.0,6.94942271248222,34.6704920581445,11.1679671762182,20352411.0
Sri Lanka,2005,,1170.0,5.56425373682754,33.0761025922139,10.7110342728395,20216524.0
St. Kitts and Nevis,2022,,21040.0,10.6082200037537,63.0959748816919,36.4953989729152,46709.0
St. Kitts and Nevis,2021,,19070.0,0.597261391032816,68.1809358662457,36.6559317152358,46763.0
St. Kitts and Nevis,2020,,19340.0,-15.1537081395497,61.5059980977042,41.9936484606703,46870.0
St. Kitts and Nevis,2019,,23670.0,3.06102179372833,48.5172889900743,42.0466191890258,46952.0
St. Kitts and Nevis,2018,,21930.0,2.09466207201663,49.170118485695,42.1152378194836,47008.0
St. Kitts and Nevis,2017,,20420.0,0.274193507101955,49.2745914276904,42.2319590349997,47050.0
St. Kitts and Nevis,2016,,19640.0,3.95919692482656,51.4686526315015,47.6960173825486,47075.0
St. Kitts and Nevis,2015,,18670.0,0.69841246781877,53.8785064809441,50.5911172648844,47087.0
St. Kitts and Nevis,2014,,18850.0,7.53127511202617,52.3613412689151,50.8960381452412,47089.0
St. Kitts and Nevis,2013,,18460.0,5.64641698929439,55.3580261553056,56.6511100919906,47069.0
St. Kitts and Nevis,2012,,17010.0,-1.04787778946711,59.1834278065739,57.0667681186989,47033.0
St. Kitts and Nevis,2011,,16760.0,1.52991480984264,58.4331878889898,54.8215558357546,46886.0
St. Kitts and Nevis,2010,,15970.0,0.0951505914335229,60.2166427273679,66.3625051845707,46846.0
St. Kitts and Nevis,2009,,15840.0,-3.5715108939693,58.8446525778029,66.8654055108238,46916.0
St. Kitts and Nevis,2008,,15980.0,11.0104297068936,55.0816994242226,67.3930135909244,46835.0
St. Kitts and Nevis,2007,,13350.0,0.305516416409375,54.7394240947412,62.3035314774433,46706.0
St. Kitts and Nevis,2006,,12650.0,2.85800106872907,51.6980665777737,62.909267678934,46569.0
St. Kitts and Nevis,2005,,11750.0,9.44452895015881,54.4590341466716,63.6297903109183,46437.0
St. Lucia,2022,,11740.0,20.2140364685689,51.0712484566023,15.6024231241478,178781.0
St. Lucia,2021,,9860.0,11.4287492509851,63.0459991272266,14.306541495783,178522.0
St. Lucia,2020,,8560.0,-24.6114092144696,78.6029535281272,16.4443256798701,178250.0
St. Lucia,2019,,11100.0,-1.06027192026241,53.9600313216425,17.2628090042812,177661.0
St. Lucia,2018,,11060.0,2.49445186760282,55.9031409378605,16.0153747597694,177017.0
St. Lucia,2017,,10260.0,2.97179882236796,58.8737129259668,16.1595154955702,176342.0
St. Lucia,2016,,9710.0,2.9915396739198,64.0454146325026,16.3205063614495,175646.0
St. Lucia,2015,43.7,9020.0,-0.337052867572226,70.9051905184372,20.0919926233684,174905.0
St. Lucia,2014,,9040.0,0.880621538906311,79.3569492673838,21.0605818530407,174138.0
St. Lucia,2013,,8710.0,-2.26163327907432,89.3881857481274,21.3222751602847,173369.0
St. Lucia,2012,,9000.0,-0.563683330885993,92.844575867407,21.606478963485,172587.0
St. Lucia,2011,,8890.0,3.78344996295867,88.1706182402116,21.9401110623553,171801.0
St. Lucia,2010,,8240.0,-0.278750187807233,90.8805128871388,22.3432696678557,170906.0
St. Lucia,2009,,8130.0,-3.43582922693658,93.513750652637,22.7417090786471,169869.0
St. Lucia,2008,,8150.0,4.29652830468692,88.8712771202775,23.1020473193659,168808.0
St. Lucia,2007,,7500.0,1.01330265983917,85.6786023151377,23.4774090655182,167758.0
St. Lucia,2006,,7210.0,5.43753454391749,69.6993904268402,23.8704738700623,166639.0
St. Lucia,2005,,6550.0,-1.13924471405971,62.5332028701892,24.2813962640141,165450.0
St. Martin (French part),2022,,,,,,28870.0
St. Martin (French part),2021,,,11.2897229582813,,,29961.0
St. Martin (French part),2020,,,-5.67034471115365,,,31786.0
St. Martin (French part),2019,,,11.9233703264347,,,34267.0
St. Martin (French part),2018,,,-5.8923641662807,,,36012.0
St. Martin (French part),2017,,,-7.15585200915483,,,36837.0
St. Martin (French part),2016,,,5.54794889038332,,,37175.0
St. Martin (French part),2015,,,1.21892477722176,,,37369.0
St. Martin (French part),2014,,,,,,37450.0
St. Martin (French part),2013,,,,,,37419.0
St. Martin (French part),2012,,,,,,37276.0
St. Martin (French part),2011,,,,,,37069.0
St. Martin (French part),2010,,,,,,36856.0
St. Martin (French part),2009,,,,,,36502.0
St. Martin (French part),2008,,,,,,35958.0
St. Martin (French part),2007,,,,,,35337.0
St. Martin (French part),2006,,,,,,34658.0
St. Martin (French part),2005,,,,,,33928.0
St. Vincent and the Grenadines,2022,,9510.0,3.91412869594379,41.1896765400759,19.7148736399818,102046.0
St. Vincent and the Grenadines,2021,,8720.0,2.77342166309265,46.2241449010807,17.223773728824,102841.0
St. Vincent and the Grenadines,2020,,8360.0,-3.67618803165428,47.5178316690442,17.2155136371462,103526.0
St. Vincent and the Grenadines,2019,,8700.0,1.40193657114291,43.6128218687711,17.2163604613985,104167.0
St. Vincent and the Grenadines,2018,,8370.0,3.90031671690731,44.4315216799501,17.2142435569545,104926.0
St. Vincent and the Grenadines,2017,,7730.0,2.20738641850942,46.7070222167615,17.2335265950244,105663.0
St. Vincent and the Grenadines,2016,,7480.0,4.74804540016839,48.0592826409293,17.2337387365207,106349.0
St. Vincent and the Grenadines,2015,,7110.0,3.33765430602968,49.4607995479588,20.910209102091,106960.0
St. Vincent and the Grenadines,2014,,6860.0,1.71007773700347,49.2545029138621,20.9148396939052,107535.0
St. Vincent and the Grenadines,2013,,6980.0,3.0319570809024,49.7557907383249,20.9071231798505,108135.0
St. Vincent and the Grenadines,2012,,6720.0,1.73945379802912,51.4966860941774,20.8937613686643,108736.0
St. Vincent and the Grenadines,2011,,6390.0,-0.0518118530617357,50.1952470935014,20.9037811251153,109349.0
St. Vincent and the Grenadines,2010,,6310.0,-3.99351095016873,49.0096361352992,20.9390550327635,109959.0
St. Vincent and the Grenadines,2009,,6530.0,-0.914124585036191,48.5520483734742,21.0050288510249,110508.0
St. Vincent and the Grenadines,2008,,6380.0,0.859512861875416,46.4055843349388,,111028.0
St. Vincent and the Grenadines,2007,,6030.0,3.77042261406409,46.2682260079483,,111531.0
St. Vincent and the Grenadines,2006,,5580.0,7.41339795731157,44.611276125957,,112014.0
St. Vincent and the Grenadines,2005,,5060.0,2.83945191097459,43.3134565297928,,112450.0
Sudan,2022,,720.0,-3.59800846557803,5.63980468495649,,49383346.0
Sudan,2021,,620.0,-4.47700779563793,6.61986449215035,,48066924.0
Sudan,2020,,600.0,-6.18595807947966,7.89088716237967,,46789231.0
Sudan,2019,,720.0,-5.00795943799888,9.17361614121809,,45548175.0
Sudan,2018,,810.0,-6.01716755998106,9.35475603325025,3.36573933108886,44230596.0
Sudan,2017,,1010.0,-2.71987452387332,8.38975613758766,3.31824890247157,42714306.0
Sudan,2016,,1140.0,0.369473161527822,8.21971643252736,3.26434443621507,41259892.0
Sudan,2015,,1180.0,-1.14810293147822,8.12473335981359,3.3177040907643,40024431.0
Sudan,2014,34.2,1130.0,1.86452924090501,8.15064686274859,3.19684061585097,38823318.0
Sudan,2013,,1060.0,-0.372546263586997,10.5177916679111,3.15824053999662,37785849.0
Sudan,2012,,1120.0,-7.20056369222739,11.9423641232484,3.05511132614313,36923178.0
Sudan,2011,,1250.0,5.87200118550977,9.29192166764101,3.01948467033331,36140806.0
Sudan,2010,,1230.0,0.758886048751407,10.5026912651794,2.92495940476264,35414399.0
Sudan,2009,35.4,1310.0,-5.81042185394722,11.5585100746323,2.49914612507393,34569113.0
Sudan,2008,,1350.0,0.693530743818769,9.37979082509826,2.37312525771074,33623980.0
Sudan,2007,,1160.0,2.69329211251048,9.81285601767293,2.36895929707628,32764135.0
Sudan,2006,,920.0,3.55587752590014,11.048116510493,2.36818177984611,31992435.0
Sudan,2005,,750.0,2.75337218040758,7.8135798471469,2.43490042228947,31262444.0
Suriname,2022,39.2,5040.0,1.54051769500568,19.3784779706784,10.5301491332371,623164.0
Suriname,2021,,4490.0,-3.31629942420831,18.1047543764174,10.6511396719449,617896.0
Suriname,2020,,4710.0,-16.8738740468232,24.2209075589576,10.7970712944114,612317.0
Suriname,2019,,6000.0,0.12296002295291,23.0940833809237,11.1986177706066,605768.0
Suriname,2018,,5730.0,3.93294702617604,24.2780778063315,11.377145404562,599513.0
Suriname,2017,,5700.0,0.547149370341614,28.2868866474438,11.314243689952,593713.0
Suriname,2016,,6660.0,-5.90338246401519,36.3293876411773,11.0088405776291,587757.0
Suriname,2015,,8550.0,-4.45160318607753,33.7330206067527,10.6904058466801,581627.0
Suriname,2014,,8900.0,-0.851471419293389,29.730243552903,12.083549110996,575373.0
Suriname,2013,,8610.0,1.77805890287095,27.8152813950886,12.0122825589165,569020.0
Suriname,2012,,8220.0,1.52880858968571,24.1947896158436,10.6645269901404,562633.0
Suriname,2011,,7620.0,4.64182224452708,23.6572660681081,10.8172984054787,556269.0
Suriname,2010,,7330.0,3.95347703289852,24.0185392688126,10.969580309081,549923.0
Suriname,2009,,6700.0,1.81540250702821,24.4076977224826,10.3256279437968,543568.0
Suriname,2008,,6090.0,2.93593297564139,23.8646397246909,10.192613573879,537245.0
Suriname,2007,,4860.0,3.92006219934488,21.3584594965176,10.3209545253311,531016.0
Suriname,2006,,3880.0,4.64814560762545,17.4884111348182,10.1734154905373,524997.0
Suriname,2005,,3190.0,3.41538457225288,19.319818720147,10.2974287042217,519313.0
Sweden,2022,31.6,61920.0,0.568648782156174,136.077652643424,10.6003035204811,10486941.0
Sweden,2021,29.8,59840.0,4.5957806799404,136.797864800213,11.4225696207952,10415811.0
Sweden,2020,28.9,54590.0,-2.63997048116038,138.459181444506,13.8206938176173,10353442.0
Sweden,2019,29.3,56100.0,1.57332206499805,131.822474370602,14.2871301578846,10278887.0
Sweden,2018,30.0,54930.0,0.594886136077946,133.266789972115,14.9285281784927,10175214.0
Sweden,2017,28.8,52240.0,0.519214362381689,132.715906095455,16.1996726748702,10057698.0
Sweden,2016,29.6,53850.0,0.855975824436371,129.172366333007,17.5668281601386,9923085.0
Sweden,2015,29.2,57900.0,3.29020421290397,127.51740985919,19.3358087942864,9799186.0
Sweden,2014,28.4,61350.0,1.28579244857269,130.317892577225,21.1351058841405,9696110.0
Sweden,2013,28.8,61530.0,0.284298669472349,131.023007766672,21.591643029885,9600379.0
Sweden,2012,27.6,58840.0,-1.14837721022437,128.741480388616,21.8704835272049,9519374.0
Sweden,2011,27.6,56450.0,2.38777753247983,124.767458149755,21.754475583079,9449213.0
Sweden,2010,27.7,54380.0,4.85304553694191,123.280099698326,22.5357243029113,9378126.0
Sweden,2009,27.3,52390.0,-5.06780005582803,124.563322488407,22.972638826133,9298515.0
Sweden,2008,28.1,55370.0,-1.6919565204184,118.417228475241,23.9256697038505,9219637.0
Sweden,2007,27.1,52180.0,2.46223270145694,111.25228893146,23.5317113157541,9148092.0
Sweden,2006,26.4,49090.0,4.08894162666398,102.724459574807,23.7192407291653,9080505.0
Sweden,2005,26.8,45690.0,2.38284512787561,99.2700350890139,23.5161087355909,9029572.0
Switzerland,2022,33.8,95600.0,2.1924092887961,,35.0488161735867,8777088.0
Switzerland,2021,33.8,89120.0,4.75464519304134,,36.4932699809445,8704546.0
Switzerland,2020,33.7,81740.0,-2.85415823647342,,37.0709480704163,8638167.0
Switzerland,2019,34.0,83160.0,0.423089633793808,,38.4042129888319,8575280.0
Switzerland,2018,33.1,82470.0,2.10552471989985,,39.5571587818551,8514329.0
Switzerland,2017,32.7,80770.0,0.421326259922779,,40.8651789868412,8451840.0
Switzerland,2016,33.0,83360.0,0.960131696221239,170.385550398773,42.4857056226071,8373338.0
Switzerland,2015,32.3,86810.0,0.494129645915152,166.776966059943,44.3899033250307,8282396.0
Switzerland,2014,32.5,88250.0,1.10869373261926,165.124027269283,46.0855411923242,8188649.0
Switzerland,2013,32.5,90590.0,0.628360626093993,164.061039153883,47.5116327220025,8089346.0
Switzerland,2012,31.6,86720.0,0.110596623356798,162.230233160277,48.9494978852287,7996861.0
Switzerland,2011,31.7,81330.0,0.687339980952387,156.320795969339,50.3181832590913,7912398.0
Switzerland,2010,32.6,79040.0,2.17363798688378,153.937533375796,51.835443180988,7824909.0
Switzerland,2009,32.9,71800.0,-3.51055875649962,155.190042773411,52.6843410921706,7743831.0
Switzerland,2008,33.8,64870.0,1.50995075456851,145.86615450136,53.9132400372986,7647675.0
Switzerland,2007,34.3,64120.0,2.99182197798172,153.604189984029,55.2136818153417,7551117.0
Switzerland,2006,33.9,65290.0,3.42255062788115,150.182846860281,55.5425631431244,7483934.0
Switzerland,2005,,62770.0,2.09358672785885,146.375355690516,56.7019509095163,7437115.0
Syrian Arab Republic,2022,26.4,710.0,-3.00434829701605,,,22462173.0
Syrian Arab Republic,2021,,700.0,-0.874333294023842,,,21628839.0
Syrian Arab Republic,2020,,790.0,-3.98011071488936,,,21049429.0
Syrian Arab Republic,2019,,970.0,-2.63689452644155,,,20353534.0
Syrian Arab Republic,2018,,810.0,-0.435918888364867,,,19577845.0
Syrian Arab Republic,2017,,720.0,-0.882509407808485,,,19224668.0
Syrian Arab Republic,2016,,750.0,-5.28022453338099,,,19193834.0
Syrian Arab Republic,2015,,900.0,0.00846503865736281,,,19424618.0
Syrian Arab Republic,2014,,1070.0,-4.14663574302196,,,20273659.0
Syrian Arab Republic,2013,,1270.0,-22.5827773307621,,4.3938675443083,21666917.0
Syrian Arab Republic,2012,,1980.0,-25.9560309972065,,4.2523585102275,22759763.0
Syrian Arab Republic,2011,,2600.0,1.07121071780338,20.7425247885746,4.0993369960584,22878098.0
Syrian Arab Republic,2010,,2480.0,2.82697106833621,21.9364555501381,3.85793931012868,22482421.0
Syrian Arab Republic,2009,40.4,2250.0,4.27155320051828,19.6374552334295,3.47448907714149,21976969.0
Syrian Arab Republic,2008,,1950.0,0.843363715439807,17.5381739655123,3.09689640019115,21636564.0
Syrian Arab Republic,2007,,1670.0,-0.635804298088587,15.0849880747056,2.89441635198065,20884125.0
Syrian Arab Republic,2006,40.1,1520.0,0.644012233201963,14.6985583907359,2.73433461981349,19637022.0
Syrian Arab Republic,2005,,1390.0,3.52095168365396,14.7646272863536,2.67508162365246,18814091.0
Tajikistan,2022,39.5,1360.0,5.71622455034235,10.4170792945354,3.49994655487018,10182222.0
Tajikistan,2021,32.4,1130.0,7.01157366120653,10.3441984160481,3.35494585149655,9966908.0
Tajikistan,2020,,1030.0,2.05116680370303,13.0320029655913,4.4716003874287,9749310.0
Tajikistan,2019,,1050.0,4.89098971791482,11.582367305732,4.45454741798233,9529966.0
Tajikistan,2018,,1000.0,5.04059320866072,11.9422524363348,4.61030331997094,9307333.0
Tajikistan,2017,,1000.0,4.50305161526772,13.0145857124699,5.00033659509589,9085946.0
Tajikistan,2016,,1090.0,4.2256886170877,19.0962287293006,6.70941037303779,8865631.0
Tajikistan,2015,34.0,1230.0,3.34193519398252,21.5739077641444,6.88650539285569,8643840.0
Tajikistan,2014,,1320.0,4.0554323883913,21.7753617742993,6.83759259161048,8425552.0
Tajikistan,2013,,1300.0,4.75131202806213,18.5414239918311,6.64619844230935,8216724.0
Tajikistan,2012,,1130.0,4.96076448659319,14.6483062804471,6.34341546536584,8014084.0
Tajikistan,2011,,1000.0,5.0303552095006,16.0370433930496,5.85904793106678,7824785.0
Tajikistan,2010,,910.0,4.24657467143167,14.1705394515504,5.56150096610327,7652141.0
Tajikistan,2009,30.8,790.0,1.79394759926346,22.8399014199433,5.31565982753873,7490230.0
Tajikistan,2008,,730.0,5.78378645390583,26.8259020008471,5.38153914198221,7338403.0
Tajikistan,2007,32.2,570.0,5.74856457778455,,5.11516149502992,7194477.0
Tajikistan,2006,,460.0,4.98592039180348,,5.07008648971071,7057566.0
Tajikistan,2005,,370.0,4.63258511919481,,5.02971665221115,6924720.0
Tanzania,2022,,1210.0,1.54299792361155,15.1576772705188,2.34773521988818,64711821.0
Tanzania,2021,,1130.0,1.25401761079502,12.9776126678886,2.45404630963862,62830412.0
Tanzania,2020,,1060.0,-0.998987836780785,12.4351808144123,2.48338184398379,60972798.0
Tanzania,2019,,1050.0,2.71005881950599,12.6383081530206,2.67036550665251,59174891.0
Tanzania,2018,40.5,1010.0,2.24213027557943,12.7000393990914,2.51998652704992,57437145.0
Tanzania,2017,,960.0,3.23688527604725,13.0765127755534,2.75537914000928,55652890.0
Tanzania,2016,,960.0,3.30400665890222,13.670306797678,2.82109303316105,53824013.0
Tanzania,2015,,970.0,2.77038211960942,14.6135380844234,2.63633428346039,52020962.0
Tanzania,2014,,970.0,3.51147946313948,13.3037348078978,2.62908813828661,50351512.0
Tanzania,2013,,880.0,3.62722794168234,12.5373332966711,2.4939696477991,48824128.0
Tanzania,2012,,810.0,1.53892032694513,12.8184488909643,2.23821616303441,47374260.0
Tanzania,2011,37.8,760.0,4.70485004341454,12.3549632083654,2.09425751060943,46029367.0
Tanzania,2010,,720.0,3.67041498018565,11.7182622747407,2.02118557501237,44758488.0
Tanzania,2009,,660.0,2.70936589724377,11.2673883570686,1.88977047393665,43633982.0
Tanzania,2008,,590.0,2.87353898673082,11.9110255361168,1.76966767588528,42570728.0
Tanzania,2007,40.3,530.0,3.83493311688827,11.4689486745392,1.3076426019012,41435512.0
Tanzania,2006,,510.0,3.59554927104524,9.79002002817653,1.14661549222084,40294902.0
Tanzania,2005,,490.0,4.54018649750061,7.82538446283459,1.16372027811449,39182076.0
Thailand,2022,34.3,7210.0,2.56894316437668,156.452416603848,8.7089569765143,71735329.0
Thailand,2021,34.9,7090.0,1.43062175645008,164.095042230688,9.37170450853131,71727332.0
Thailand,2020,35.0,6900.0,-6.20637326420599,160.110920105828,10.2796352491376,71641484.0
Thailand,2019,34.9,7060.0,1.90583495758329,143.369163383068,10.9073727403906,71522271.0
Thailand,2018,36.4,6430.0,3.90762624173355,144.088791675771,11.3507152248298,71376079.0
Thailand,2017,36.4,5800.0,3.73797800283087,144.640307265206,11.5058382885975,71160187.0
Thailand,2016,36.7,5550.0,2.96944155296718,146.223949449025,11.9882707688333,70859841.0
Thailand,2015,36.0,5560.0,2.65971785318402,149.373253475137,12.1612551779416,70540795.0
Thailand,2014,37.0,5620.0,0.45053655380589,145.564225761056,12.1636095090945,70216367.0
Thailand,2013,37.8,5580.0,2.08615316028128,142.363202683937,11.7715521605803,69845114.0
Thailand,2012,39.3,5400.0,6.58038336266074,136.230998631992,11.411110505708,69436098.0
Thailand,2011,37.5,4840.0,0.215045559628464,130.672937960862,11.1178851541289,69007208.0
Thailand,2010,39.4,4490.0,6.79479928649167,115.747568600026,10.845405728425,68579447.0
Thailand,2009,39.6,4060.0,-1.42135866699509,108.983352741424,10.6626215063203,68121080.0
Thailand,2008,40.3,3900.0,0.947280170156503,105.75976393767,10.2053522389775,67619830.0
Thailand,2007,39.8,3480.0,4.5949892120282,106.362551068585,9.60930427470691,67102394.0
Thailand,2006,41.8,3070.0,4.10011779691514,,9.01289390815661,66567687.0
Thailand,2005,,2770.0,3.29537578511341,,8.22492325594153,66017420.0
Timor-Leste,2022,,1820.0,-21.6343437136427,12.7236024114007,5.48129792567132,1369295.0
Timor-Leste,2021,,2050.0,3.49004182057652,8.3759768535983,5.49882535730665,1350139.0
Timor-Leste,2020,,2040.0,29.2315968537651,13.4246471058541,5.64421509983656,1326053.0
Timor-Leste,2019,,2180.0,21.8272415651768,12.9706038186397,6.16027558608862,1300945.0
Timor-Leste,2018,,1790.0,-2.35863567554246,16.0577019350861,5.93725958835842,1275959.0
Timor-Leste,2017,,1780.0,-4.99167831534328,16.3807804187487,5.05083863347618,1251703.0
Timor-Leste,2016,,1730.0,1.06590529631157,12.67653068945,4.77935319420105,1228312.0
Timor-Leste,2015,,2180.0,0.50481165896521,13.322336267546,4.8981990954659,1205131.0
Timor-Leste,2014,28.7,2700.0,2.42106373753114,13.2474809331342,4.89445458295751,1181903.0
Timor-Leste,2013,,3190.0,0.985680210416689,13.0233993079526,4.75608490620424,1158695.0
Timor-Leste,2012,,3570.0,2.58043399760261,13.7916513591712,4.15435814424822,1134885.0
Timor-Leste,2011,,3740.0,3.52215352261622,12.7364754124307,3.81372544532872,1110207.0
Timor-Leste,2010,,2870.0,6.72117942930667,12.4341572851024,1.72432441753105,1084679.0
Timor-Leste,2009,,2370.0,7.40540253023865,14.2433499666624,1.77267533773494,1058782.0
Timor-Leste,2008,,3040.0,8.42335661758385,15.7972678106361,1.82396423703576,1032429.0
Timor-Leste,2007,27.8,1900.0,7.16092800232913,18.5156576785379,1.87779962853709,1004889.0
Timor-Leste,2006,,1360.0,-6.89325901359257,24.5618742192851,1.93396732298485,976597.0
Timor-Leste,2005,,970.0,0.895492560789137,22.9108912626461,1.99230607617129,948311.0
Togo,2022,,1000.0,3.82282707918289,,4.93154934222167,9089738.0
Togo,2021,37.9,930.0,2.65816955613427,,4.97539213640241,8878379.0
Togo,2020,,870.0,-0.272860217710488,,5.41453220631438,8669720.0
Togo,2019,,860.0,2.39010092347198,,5.32043441756284,8463068.0
Togo,2018,42.5,830.0,2.23660975297031,,5.04827836880029,8258778.0
Togo,2017,,770.0,1.44098718199137,,5.42787201467039,8057140.0
Togo,2016,,800.0,1.62761006802251,,5.49123913924048,7858289.0
Togo,2015,43.0,840.0,2.84283067512166,26.0370047967875,5.11886507448634,7663195.0
Togo,2014,,850.0,2.98962512799103,24.1570813743013,4.74424302549303,7472450.0
Togo,2013,,830.0,3.14131477096478,23.2207771684493,4.41626508015762,7285442.0
Togo,2012,,790.0,3.54419025979273,21.7734462455109,4.31310783215764,7100736.0
Togo,2011,46.0,800.0,3.00979901078473,19.8029168201049,4.27698792107328,6916474.0
Togo,2010,,740.0,3.0128532960463,15.2761077886382,4.05324976491151,6732590.0
Togo,2009,,710.0,2.50752980203251,13.2847204428567,3.86840648248216,6551865.0
Togo,2008,,640.0,1.08763807878243,11.9120189054171,3.70614066020747,6368812.0
Togo,2007,,570.0,-4.01253675594127,14.1730841360379,2.82228418577244,6188344.0
Togo,2006,42.2,560.0,-0.185446239510938,11.3215580211576,1.55950925480469,6010668.0
Togo,2005,,550.0,-7.08238240739422,11.4978626483456,1.18347145557885,5844631.0
Tonga,2022,,5390.0,-1.71112661451836,35.9655059744696,,105042.0
Tonga,2021,27.1,5240.0,-0.733960091098751,36.3990634096723,,105490.0
Tonga,2020,,5210.0,1.77247797101046,37.8225169665748,,105704.0
Tonga,2019,,4980.0,-0.381461325779526,38.2103378023803,,105669.0
Tonga,2018,,4650.0,0.326899215374226,39.3003534960615,33.0082520630158,105567.0
Tonga,2017,,4450.0,3.36688225938528,38.0234934951747,33.5862479581088,105356.0
Tonga,2016,,4280.0,7.1755196846192,37.3893351738726,30.9602315825322,105524.0
Tonga,2015,33.5,4220.0,1.6036112932528,34.0432334101122,31.2066033172619,106095.0
Tonga,2014,,4360.0,2.43921846288526,31.4960594089787,18.7461921797135,106609.0
Tonga,2013,,4330.0,0.752077131516813,30.6048722313723,21.7844583450036,107078.0
Tonga,2012,,4130.0,1.02306619626815,30.5928191254486,20.0945991900331,107460.0
Tonga,2011,,3660.0,6.53506653770044,33.0058540853059,21.5242224374644,107570.0
Tonga,2010,,3270.0,0.639458308941471,39.9212043564535,21.5106631430152,107400.0
Tonga,2009,37.5,3090.0,-5.29112664808726,48.0063486470451,21.5989385664476,107203.0
Tonga,2008,,3130.0,4.57476736236848,52.2729543044676,23.3364967251116,107020.0
Tonga,2007,,2720.0,-2.89657717629593,55.0752205750382,22.0264317180617,106726.0
Tonga,2006,,2560.0,-2.70155026186355,48.2297487246819,20.6716702709579,106253.0
Tonga,2005,,2290.0,-1.22171662108754,52.8295328320472,20.8483682142571,105671.0
Trinidad and Tobago,2022,,17460.0,0.990715463329252,37.1271998467827,9.43971651805164,1365805.0
Trinidad and Tobago,2021,,16310.0,-0.777215541824603,40.7829583273103,10.0713113822063,1367558.0
Trinidad and Tobago,2020,,15040.0,-8.97165770967038,46.4559824126942,10.2313513159564,1366725.0
Trinidad and Tobago,2019,,17240.0,0.114767755861862,41.4484338507219,10.4797258241731,1363985.0
Trinidad and Tobago,2018,,16800.0,-1.13201603020309,38.9371724667601,10.7817605785659,1359193.0
Trinidad and Tobago,2017,,16930.0,-5.06473832096466,37.4884810643255,11.2676438170711,1356633.0
Trinidad and Tobago,2016,,17870.0,-7.82511237114002,36.6555281398849,11.9566452044885,1353895.0
Trinidad and Tobago,2015,,20650.0,-0.725356979544244,32.5688299021442,12.0494060073174,1349667.0
Trinidad and Tobago,2014,,20620.0,3.3020638436403,27.6874607290947,12.4040098781024,1345343.0
Trinidad and Tobago,2013,,20110.0,2.95466061754502,26.6322849931321,11.7149251643587,1340557.0
Trinidad and Tobago,2012,,17960.0,6.13730928249969,26.9736796419355,11.896652458245,1335194.0
Trinidad and Tobago,2011,,15060.0,-1.06803812728484,28.1256397873844,11.8153745562572,1328019.0
Trinidad and Tobago,2010,,16590.0,2.72667409792857,30.8454608441119,12.7161863619797,1317714.0
Trinidad and Tobago,2009,,16330.0,-4.50258208171535,35.953442069315,12.099519450429,1310106.0
Trinidad and Tobago,2008,,17420.0,2.96516094023625,26.7082524124637,12.1108589786084,1308587.0
Trinidad and Tobago,2007,,15060.0,4.33268105297186,32.0528227672441,12.12646803757,1303188.0
Trinidad and Tobago,2006,,13320.0,12.9071459292893,32.6949924188848,11.9685588741761,1297944.0
Trinidad and Tobago,2005,,11200.0,10.3839653520046,33.4922025534705,11.8186900389079,1294494.0
Tunisia,2022,,3890.0,2.15276458662672,66.0067667517737,22.1065341121696,12119334.0
Tunisia,2021,33.7,3640.0,4.08785924151975,64.667534646183,21.8851082862125,12048622.0
Tunisia,2020,,3270.0,-9.72752601384167,67.6567184648519,21.8792632790804,11974057.0
Tunisia,2019,,3590.0,0.613127731689971,59.2903583224447,21.7812652372113,11875081.0
Tunisia,2018,,3700.0,1.60391587948506,63.5224389825305,21.5901141365398,11765514.0
Tunisia,2017,,3700.0,1.18340493178839,64.7537285373031,21.170993153438,11650498.0
Tunisia,2016,,3930.0,0.00849827158573646,62.2469554675417,20.114185112602,11528674.0
Tunisia,2015,32.8,4130.0,-0.165402101671091,60.1365541399108,19.4502689288064,11402264.0
Tunisia,2014,,4310.0,1.87486431059185,59.8085555890782,18.7073917567288,11274288.0
Tunisia,2013,,4300.0,1.2189966874892,57.9598823065191,17.6241343363068,11141361.0
Tunisia,2012,,4250.0,3.04657312459409,57.8520427359494,17.0033350442134,11009647.0
Tunisia,2011,,4060.0,-3.1268978636142,57.9347986271264,16.5016756323792,10886035.0
Tunisia,2010,38.5,4140.0,1.86835635362381,52.247103865602,16.0928276700272,10765980.0
Tunisia,2009,,4020.0,1.99812423215356,49.9770695318279,14.6096495697965,10650681.0
Tunisia,2008,,3820.0,3.23983058347032,48.5083070989921,14.0513929387232,10542635.0
Tunisia,2007,,3490.0,5.73567938504127,48.0115559813836,13.323976382372,10441702.0
Tunisia,2006,,3290.0,4.31907482857264,48.5995857004839,12.6203112924961,10346410.0
Tunisia,2005,37.7,3120.0,2.58534081098441,50.065558636163,11.8352712128399,10255472.0
Turkiye,2022,44.5,10870.0,4.40815937187469,53.4262221477913,14.6389698175253,84979913.0
Turkiye,2021,44.4,10240.0,10.797736075363,70.9983608541485,15.1516339839844,84147318.0
Turkiye,2020,43.0,9330.0,0.819957444576985,75.2676019236764,15.5737901804416,83384680.0
Turkiye,2019,43.8,9970.0,-0.136378469205951,64.2557519386267,16.1820939250806,82579440.0
Turkiye,2018,42.4,10760.0,2.07704135618785,66.6976668187438,16.8677397951508,81407204.0
Turkiye,2017,43.5,11140.0,6.43664614092381,70.0844027288208,17.2906971044204,80312698.0
Turkiye,2016,41.9,11350.0,1.9428315705164,69.2826364676667,17.9576603238712,79277962.0
Turkiye,2015,42.9,12080.0,4.4033792666971,66.3898521051604,18.9639629082996,78218479.0
Turkiye,2014,41.2,12670.0,3.19911298885714,63.2376327204216,19.3599360676697,77181884.0
Turkiye,2013,40.2,12640.0,7.10372830173409,59.9792914244143,19.3808292291836,76147624.0
Turkiye,2012,40.2,11950.0,3.48010432023058,51.5586765950105,18.3332587605064,75175827.0
Turkiye,2011,40.0,11260.0,9.36292358017863,48.7422084050823,17.9504996057908,74223629.0
Turkiye,2010,38.8,10460.0,6.90544093016851,44.0459707563417,17.634323502495,73142150.0
Turkiye,2009,39.0,9610.0,-6.18658127732729,36.8190783164554,17.1514400501523,72039206.0
Turkiye,2008,39.0,9830.0,-0.349081731358567,33.1628558443028,17.0144653852302,71051678.0
Turkiye,2007,38.4,8930.0,4.93924794926627,,15.2160293341146,70158112.0
Turkiye,2006,39.6,7780.0,5.97350417809075,,13.9095544904241,70045349.0
Turkiye,2005,42.6,6710.0,7.95177362643042,,12.8217532128198,69329557.0
Turkmenistan,2022,,6260.0,4.17079684424029,,,7230193.0
Turkmenistan,2021,,6260.0,4.07165530742274,,,7092043.0
Turkmenistan,2020,,6300.0,3.67579761156229,,,6949912.0
Turkmenistan,2019,,6230.0,3.98119112698603,,,6803944.0
Turkmenistan,2018,,5930.0,3.83102484770528,,,6655524.0
Turkmenistan,2017,,5650.0,4.09374782222559,,,6507061.0
Turkmenistan,2016,,6080.0,3.79096200658724,,,6360041.0
Turkmenistan,2015,,6300.0,4.09291832714018,,,6215770.0
Turkmenistan,2014,,6480.0,7.83190052629024,,,6075283.0
Turkmenistan,2013,,5880.0,7.77319736128649,,,5939341.0
Turkmenistan,2012,,5040.0,8.70665885774136,,,5808546.0
Turkmenistan,2011,,4300.0,12.2971678479084,,,5683417.0
Turkmenistan,2010,,3720.0,6.98701634742274,,,5564356.0
Turkmenistan,2009,,3260.0,4.02604918231428,,,5451592.0
Turkmenistan,2008,,2800.0,12.5329864814578,,,5345029.0
Turkmenistan,2007,,2160.0,9.00626645930463,,,5244046.0
Turkmenistan,2006,,1770.0,8.92835366680281,,,5147105.0
Turkmenistan,2005,,1500.0,10.9273057666726,,,5052257.0
Turks and Caicos Islands,2022,,31590.0,12.5841107323701,,,45847.0
Turks and Caicos Islands,2021,,27480.0,27.1739181653097,,,45243.0
Turks and Caicos Islands,2020,,20840.0,-35.6362101547339,,,44386.0
Turks and Caicos Islands,2019,,31510.0,1.07340727929571,,,43166.0
Turks and Caicos Islands,2018,,36690.0,2.52456646348665,,,41559.0
Turks and Caicos Islands,2017,,41130.0,67.5979946960904,,,39913.0
Turks and Caicos Islands,2016,,28810.0,2.46456149346457,,,38315.0
Turks and Caicos Islands,2015,,26940.0,6.58611583730091,,,36605.0
Turks and Caicos Islands,2014,,25350.0,4.37835200669825,,,35050.0
Turks and Caicos Islands,2013,,,-3.51219274120511,,,33653.0
Turks and Caicos Islands,2012,,,-6.54753243910046,,,32127.0
Turks and Caicos Islands,2011,,,0.865882697036824,,,30846.0
Turks and Caicos Islands,2010,,,-2.92353368570767,,,29739.0
Turks and Caicos Islands,2009,,,-22.8174275175901,,,28588.0
Turks and Caicos Islands,2008,,,3.70447487476251,,,27427.0
Turks and Caicos Islands,2007,,,,,,26270.0
Turks and Caicos Islands,2006,,,,,,25123.0
Turks and Caicos Islands,2005,,,,,,23988.0
Tuvalu,2022,,8100.0,2.71261925845695,,,9992.0
Tuvalu,2021,,7510.0,3.8514037023984,,,10194.0
Tuvalu,2020,,6880.0,-2.59958228889671,,,10399.0
Tuvalu,2019,,6880.0,15.650825095542,,,10581.0
Tuvalu,2018,,6230.0,2.5000826037985,,,10751.0
Tuvalu,2017,,5330.0,3.02336313631166,,,10869.0
Tuvalu,2016,,5450.0,5.97938856186022,,,10930.0
Tuvalu,2015,,5650.0,10.6281735534677,,,10963.0
Tuvalu,2014,,4750.0,0.154770575382372,,,10984.0
Tuvalu,2013,,5610.0,3.71231073854945,,,11001.0
Tuvalu,2012,,4440.0,-3.50614324243331,,,10934.0
Tuvalu,2011,,4720.0,5.17330072524878,,,10780.0
Tuvalu,2010,39.1,4480.0,-3.63168142704605,,,10614.0
Tuvalu,2009,,4870.0,-7.50466016633209,,,10461.0
Tuvalu,2008,,4780.0,5.23011336110841,,,10321.0
Tuvalu,2007,,4670.0,5.81698796194968,,,10182.0
Tuvalu,2006,,3920.0,1.25734908900401,,,10056.0
Tuvalu,2005,,3750.0,-5.84062514622619,,,9940.0
Uganda,2022,,930.0,1.48927085105888,15.0891724993298,2.33800983849871,47312719.0
Uganda,2021,,860.0,0.258075577364949,14.7869665338727,2.31977875597547,45910930.0
Uganda,2020,,820.0,-0.423922683361482,14.2204016385665,2.50362932988496,44457152.0
Uganda,2019,42.7,810.0,2.88958690241905,13.8050637116228,2.63997367643297,42999637.0
Uganda,2018,,770.0,2.75300382511665,13.6392294214659,2.65125800156225,41565831.0
Uganda,2017,,760.0,-0.406390812740796,13.4819167027351,2.73486078304742,40177388.0
Uganda,2016,42.8,810.0,1.35743312909598,13.6400887820262,2.9651724627111,38799152.0
Uganda,2015,,850.0,2.00429943099081,13.7686115419745,3.12429632090533,37531446.0
Uganda,2014,,830.0,2.04948459267207,12.9035596137235,3.14108475826605,36395539.0
Uganda,2013,,810.0,0.656669463732158,12.2262302358289,3.04413901024484,35337042.0
Uganda,2012,41.0,830.0,0.865151267915266,12.1676494161807,2.83031510071301,34337438.0
Uganda,2011,,860.0,6.23090993981926,11.6564025152961,2.50179379809497,33354543.0
Uganda,2010,,680.0,2.57308463341826,,2.56725894441347,32390802.0
Uganda,2009,44.2,550.0,3.70592159085399,,2.45542463571543,31451151.0
Uganda,2008,,430.0,5.5545038560267,,2.11485967609573,30539553.0
Uganda,2007,,380.0,5.27037575377261,,1.42867085240014,29653430.0
Uganda,2006,,350.0,7.58857752601207,,1.22828911258568,28794003.0
Uganda,2005,42.9,310.0,3.25713954596638,,1.21512114106819,27963289.0
Ukraine,2022,,3930.0,-22.7456813021158,23.3160378131569,0.392057634214708,41048766.0
Ukraine,2021,,4060.0,4.41050883289091,23.5556488725733,0.381990626864642,44298640.0
Ukraine,2020,25.6,3530.0,-3.08458576352871,28.1751542458628,0.406070432382193,44680014.0
Ukraine,2019,26.6,3270.0,3.87284698333255,30.0270685880178,0.41727720035384,44957458.0
Ukraine,2018,26.1,2720.0,4.09937975447431,34.5118586409828,0.431415051160664,45208907.0
Ukraine,2017,26.0,2330.0,2.86027869650954,38.3051472985389,0.453225304095734,45436041.0
Ukraine,2016,25.0,2330.0,2.94151228987063,47.3071300933367,0.495628101232223,45616832.0
Ukraine,2015,25.5,2760.0,-9.27686663817931,56.6577541315206,0.563724544770246,45784896.0
Ukraine,2014,24.0,3500.0,-5.08846879597155,75.2288456319954,0.768823400719406,45972380.0
Ukraine,2013,24.6,3900.0,0.226082936004985,70.6911717468942,0.920172247996782,46126770.0
Ukraine,2012,24.7,3600.0,0.364275557578679,66.9838104671062,1.07206503218298,46210056.0
Ukraine,2011,24.6,3100.0,5.78262206521443,68.4838585766984,1.60346503687893,46307853.0
Ukraine,2010,24.8,2990.0,4.46782513515676,75.751902571565,2.33010948160426,46456003.0
Ukraine,2009,25.3,2810.0,-14.7807201233911,87.3499751359183,3.22150024204239,46623731.0
Ukraine,2008,26.6,3170.0,2.77550904646171,84.5638428852733,3.7365857515103,46819175.0
Ukraine,2007,27.0,2560.0,8.71227296398449,,3.85694780936009,47062798.0
Ukraine,2006,29.8,1930.0,8.26961304502665,,3.87280085049901,47278694.0
Ukraine,2005,29.0,1530.0,3.92453428899148,,3.86568645063964,47585556.0
United Arab Emirates,2022,,46990.0,2.18063316393284,65.4574313053044,7.89699815357687,10074977.0
United Arab Emirates,2021,,43230.0,2.65160401509495,76.1676429790591,8.12887615896256,9575152.0
United Arab Emirates,2020,,41310.0,-8.258825738052,88.835666097675,8.50667691856262,9401038.0
United Arab Emirates,2019,,46690.0,0.209030520233554,75.2884988271793,10.1063843328132,9445785.0
United Arab Emirates,2018,26.4,44570.0,0.195794810557288,73.9842900645691,11.3028919018556,9346701.0
United Arab Emirates,2017,,42230.0,-4.15218113866617,78.1489012109159,11.7741370130818,9223225.0
United Arab Emirates,2016,,46180.0,0.574841518832997,81.9398711422571,12.8609384747498,8935095.0
United Arab Emirates,2015,,49990.0,1.47473600077311,,13.3111872872272,8505237.0
United Arab Emirates,2014,,53360.0,-0.124078023674471,,13.3564563405714,8059440.0
United Arab Emirates,2013,32.5,53780.0,0.805452996724028,,13.1109303412136,7693031.0
United Arab Emirates,2012,,51180.0,0.619829719966987,,12.7197368185502,7391448.0
United Arab Emirates,2011,,45610.0,3.21040480797836,,12.2688262696199,7104538.0
United Arab Emirates,2010,,42380.0,-0.804617484632146,,11.8644521876246,6869838.0
United Arab Emirates,2009,,41310.0,-10.9561860264524,,11.7339631722014,6707058.0
United Arab Emirates,2008,,44890.0,-7.90935166190489,,12.5517929262928,6302664.0
United Arab Emirates,2007,,43420.0,-8.10764986229219,,12.9078610091268,5624635.0
United Arab Emirates,2006,,41670.0,2.28744303095432,,13.8470987474331,5009100.0
United Arab Emirates,2005,,36880.0,-0.445687772577529,,14.3910495170347,4664790.0
United Kingdom,2022,,49720.0,4.18537017111771,126.126397693252,,67604000.0
United Kingdom,2021,32.4,45870.0,8.15420782581518,136.161594591011,,66984000.0
United Kingdom,2020,32.7,39340.0,-10.2001887936603,145.572075379344,,66744000.0
United Kingdom,2019,32.8,43640.0,0.736576132017404,131.443065370417,,66631000.0
United Kingdom,2018,33.7,42540.0,1.05651160071312,132.783359788981,,66289000.0
United Kingdom,2017,32.6,42140.0,2.46254947655839,132.333248459152,,65966000.0
United Kingdom,2016,33.1,43310.0,1.39799087279013,131.480106047871,,65607000.0
United Kingdom,2015,33.3,44630.0,1.40598896714546,130.08273790259,,65088000.0
United Kingdom,2014,33.1,44780.0,2.39229911882015,134.605055432715,,64620000.0
United Kingdom,2013,32.7,42960.0,1.03970154694078,148.906248602627,25.1773659740824,64139000.0
United Kingdom,2012,33.1,41940.0,0.807661642969506,160.010705514872,22.1073686158397,63711000.0
United Kingdom,2011,33.2,41240.0,0.0663488911998797,169.61587364494,24.0794651906065,63258810.0
United Kingdom,2010,33.7,42010.0,1.46206947680976,183.762819228277,24.7386531402533,62766365.0
United Kingdom,2009,35.1,44370.0,-5.30637777763782,191.129828943179,25.4347416558808,62276270.0
United Kingdom,2008,35.4,48720.0,-0.832967942760902,190.146653043876,26.0433845950382,61806995.0
United Kingdom,2007,34.4,47640.0,2.13253558466515,169.583348638841,26.396243487945,61322463.0
United Kingdom,2006,35.9,44960.0,1.4414302818718,153.471395323663,26.452802315596,60846820.0
United Kingdom,2005,35.5,42840.0,2.08729988072291,142.664487913407,28.3510185501024,60401206.0
United States,2022,41.7,77330.0,1.92386172918107,190.921583099118,27.1972113235755,334017321.0
United States,2021,39.7,71730.0,5.88834103890834,223.841716689478,28.2451488106005,332099760.0
United States,2020,40.0,64920.0,-2.56180738534749,220.892997772959,29.5546856147524,331577720.0
United States,2019,41.9,65880.0,2.05676590328193,196.183464613648,30.525715928333,330226227.0
United States,2018,41.8,63020.0,2.36444249943987,184.15464675742,30.9595425201991,328529577.0
United States,2017,41.4,58920.0,1.75014094923958,195.433929792231,31.2877251986925,326608609.0
United States,2016,41.3,56900.0,1.02266589117943,187.421407342664,32.160803835357,324353340.0
United States,2015,41.5,56400.0,2.12741138123612,184.529830375552,32.7287926091226,321815121.0
United States,2014,41.7,55600.0,1.71094543857326,185.399004308009,32.42161584397,319257560.0
United States,2013,40.9,53830.0,1.34816252731798,184.572858143723,33.6099710435358,316726282.0
United States,2012,41.2,52610.0,1.47570596897309,175.443819509046,34.8196934467433,314339099.0
United States,2011,41.2,50620.0,0.762796405429199,174.474602487695,35.0280865325583,311839461.0
United States,2010,40.2,49180.0,1.82992369379657,181.920745780207,35.2688002237335,309378227.0
United States,2009,40.9,47910.0,-3.42683193789478,187.479989975829,35.7515461312021,306771529.0
United States,2008,41.1,49110.0,-0.828888119464764,185.125644506216,34.9885241848816,304093966.0
United States,2007,41.1,48530.0,1.03834382130532,206.351352932702,34.5877683012636,301231207.0
United States,2006,41.7,47850.0,1.79819874456308,198.283846111171,33.7739478092044,298379912.0
United States,2005,41.3,46190.0,2.53411070482159,188.633042097764,33.1676806300937,295516599.0
Uruguay,2022,40.6,17970.0,4.66439124923403,26.6238341080853,9.56989290025897,3390913.0
Uruguay,2021,40.8,16220.0,5.91510198505092,26.7129770999909,9.70906145256254,3396695.0
Uruguay,2020,40.2,16130.0,-7.40535234478858,27.8846373005871,10.0718629237636,3398968.0
Uruguay,2019,39.7,18390.0,0.848968097010115,25.3082543138449,9.90168105698801,3397206.0
Uruguay,2018,39.7,17700.0,-0.0151011267874139,24.944851219691,10.092428293297,3394534.0
Uruguay,2017,39.5,16720.0,1.46549073530204,23.9263156750777,11.0271433687222,3388438.0
Uruguay,2016,39.7,16490.0,1.35078037686081,25.6815822953668,11.4920754725375,3379283.0
Uruguay,2015,40.1,17070.0,0.0225745559950212,27.8140085275854,12.0369321400249,3368017.0
Uruguay,2014,40.1,17140.0,2.9005302021196,25.1667931664776,12.2530972794752,3356334.0
Uruguay,2013,40.5,16480.0,4.32675421961548,24.3768815230441,12.6250444703059,3345337.0
Uruguay,2012,39.9,14230.0,3.27196082931438,22.1705291861539,12.7769653683576,3335401.0
Uruguay,2011,42.2,12730.0,4.90150561357953,21.9739905078767,13.5821356763789,3326825.0
Uruguay,2010,44.5,10930.0,7.52764617823019,21.4040361151246,13.6302186939793,3318580.0
Uruguay,2009,45.5,9140.0,3.99426146565813,19.8647260994371,13.445518411667,3310091.0
Uruguay,2008,45.1,7930.0,6.94817225721984,27.1685339479512,13.6026502626477,3302177.0
Uruguay,2007,46.4,6510.0,6.35892754413862,23.0299725881958,13.4817076673402,3295153.0
Uruguay,2006,45.9,5470.0,3.98038082694534,23.7519352815852,13.3522935902315,3289506.0
Uruguay,2005,44.7,4770.0,7.37434772026329,22.4749430738691,12.7748666327581,3285771.0
Uzbekistan,2022,31.2,2500.0,3.89199511169356,32.7092516216428,52.0091137942849,34938955.0
Uzbekistan,2021,32.9,2250.0,5.960906100364,32.0554536910014,48.9314496889103,34243696.0
Uzbekistan,2020,,2000.0,-0.316556159759102,32.1742913237435,43.0304107497079,33586372.0
Uzbekistan,2019,,2150.0,4.86486140745366,25.8580592156528,40.3337984658474,32964701.0
Uzbekistan,2018,,2340.0,3.7517684514097,20.4256335757578,36.1278478226414,32373490.0
Uzbekistan,2017,,2630.0,2.64127716153368,14.0633269127664,38.13044369249,31819178.0
Uzbekistan,2016,,2840.0,4.11984456589953,11.7537734525025,27.8353394617157,31284568.0
Uzbekistan,2015,,2790.0,5.38345590914129,10.3096258694192,30.4627499571443,30749346.0
Uzbekistan,2014,,2650.0,5.109537480447,10.0297316084589,31.314833798166,30222994.0
Uzbekistan,2013,,2470.0,5.62825943062448,9.32772666327796,46.7626796317728,29724065.0
Uzbekistan,2012,,2200.0,5.49671909783243,,45.2562590430856,29261903.0
Uzbekistan,2011,,1760.0,5.89233420258107,,45.8018703907168,28823196.0
Uzbekistan,2010,,1420.0,5.90590026943735,,39.239444473168,28385506.0
Uzbekistan,2009,,1150.0,6.33169102436078,,40.3043810626577,27939328.0
Uzbekistan,2008,,970.0,7.36856523907177,,40.6399868809797,27494774.0
Uzbekistan,2007,,760.0,7.948870305745,,41.3915596859776,27076008.0
Uzbekistan,2006,,600.0,6.07475146177367,,42.2792439399704,26699043.0
Uzbekistan,2005,,520.0,5.62058695275762,,39.9580929803364,26356975.0
Vanuatu,2022,,3830.0,2.77435704923444,55.2448439738049,,313046.0
Vanuatu,2021,,3500.0,-3.80855711163811,60.9428290310797,21.0808837517803,305868.0
Vanuatu,2020,,3390.0,-7.17743078607894,60.2114539688742,21.1446665221781,298858.0
Vanuatu,2019,32.3,3740.0,0.86298251414631,59.0872947836203,21.2191777840649,291985.0
Vanuatu,2018,,3270.0,0.464610871247203,61.4991352412897,20.6731628821741,285259.0
Vanuatu,2017,,3000.0,2.00579895676259,64.4852232729457,20.6248173844294,278507.0
Vanuatu,2016,,2970.0,1.19513802690024,67.1198327923529,21.1678789197326,272087.0
Vanuatu,2015,,2980.0,1.67602106503972,69.7522779402884,21.7926909735885,266101.0
Vanuatu,2014,,3030.0,0.305492659735435,75.5564806247171,22.8772112061237,260240.0
Vanuatu,2013,,3030.0,-1.74696050530071,72.620012079451,22.1725276047969,254482.0
Vanuatu,2012,,2840.0,-1.1852141346526,73.7088201261584,22.1393083419612,248883.0
Vanuatu,2011,,2790.0,0.92597879599046,69.3541400957841,20.7488320415512,243474.0
Vanuatu,2010,37.4,2580.0,-1.08593808514806,67.5873077127823,20.5556887868718,238248.0
Vanuatu,2009,,2500.0,0.453966271093378,64.8320794489148,19.7319276683909,232731.0
Vanuatu,2008,,2430.0,2.9853548158102,55.055251156808,20.2631312327221,226896.0
Vanuatu,2007,,2080.0,0.387169374214395,43.7949563310522,20.810417100217,221276.0
Vanuatu,2006,,1980.0,5.86726101068508,42.4413157515789,19.1375839183055,215923.0
Vanuatu,2005,,1770.0,2.78261536346285,43.5999536479095,19.0102021418161,210760.0
"Venezuela, RB",2022,,2260.0,8.09588326352406,,,28213017.0
"Venezuela, RB",2021,,1790.0,1.69281877474855,,,28237826.0
"Venezuela, RB",2020,,1670.0,-28.7827745677021,,,28444077.0
"Venezuela, RB",2019,,2370.0,-25.4843294022527,,,28938098.0
"Venezuela, RB",2018,,2800.0,-17.6129210502629,,,29807592.0
"Venezuela, RB",2017,,2950.0,-15.1185209906493,,,30565323.0
"Venezuela, RB",2016,,3680.0,-17.557382467255,,,30765720.0
"Venezuela, RB",2015,,5290.0,-7.20256924845928,,16.5332334469819,30573972.0
"Venezuela, RB",2014,,8390.0,-4.98041137903969,,16.9720546148755,30254079.0
"Venezuela, RB",2013,,10340.0,0.128922904421614,27.472799415793,17.0568720044845,29912198.0
"Venezuela, RB",2012,,12480.0,4.30852326939915,23.8729758931757,17.156524807106,29553826.0
"Venezuela, RB",2011,,11860.0,2.84817755288964,20.4742256485102,17.0761274214433,29185212.0
"Venezuela, RB",2010,,11660.0,-2.77023251504848,18.8543354200342,17.5777693389324,28813101.0
"Venezuela, RB",2009,,10230.0,-4.5114030823229,23.6136286787977,18.7748260260811,28438298.0
"Venezuela, RB",2008,,9260.0,3.7605028775954,21.4696738075916,17.687504221237,28053696.0
"Venezuela, RB",2007,,7520.0,7.08319155201518,23.4811724669825,17.6131189948695,27649363.0
"Venezuela, RB",2006,44.7,6050.0,8.10092910086581,17.0371328682102,16.7138980209346,27224686.0
"Venezuela, RB",2005,49.3,4910.0,8.48531169784627,13.214871769626,15.9558071218172,26785804.0
Viet Nam,2022,36.1,3980.0,7.7256990880817,124.961478822546,3.0117049025241,99680655.0
Viet Nam,2021,,3540.0,1.66651604176819,124.282898747665,2.91017603253463,98935098.0
Viet Nam,2020,36.8,3400.0,1.91581434772165,115.525349937741,4.00984693132076,98079191.0
Viet Nam,2019,,3290.0,6.32464886581907,108.031900933361,3.99278850962631,97173776.0
Viet Nam,2018,35.7,3020.0,6.28095828201967,105.275984683547,3.93336485773352,96237319.0
Viet Nam,2017,,2680.0,5.61787865063133,103.972032257471,3.4729706061693,95176977.0
Viet Nam,2016,35.3,2560.0,5.35427097241221,98.8589607655139,3.86734264231551,94000117.0
Viet Nam,2015,,2460.0,5.66896478541561,90.399227327709,3.79315336949936,92823254.0
Viet Nam,2014,34.8,2390.0,5.13784099364456,80.0010314902415,3.87480582622912,91679578.0
Viet Nam,2013,,2200.0,4.31498880369921,77.5581108210475,3.68925845861476,90573104.0
Viet Nam,2012,35.6,1980.0,4.27630507146044,75.5493913710905,3.14715153928239,89510356.0
Viet Nam,2011,,1630.0,5.1944977799937,79.9430818204467,3.58621829261621,88468314.0
Viet Nam,2010,39.3,1370.0,5.21227683604808,90.3531701049882,3.26077662119263,87455152.0
Viet Nam,2009,,1120.0,3.83237459567542,103.322353769645,3.32566954675794,86460018.0
Viet Nam,2008,35.6,1000.0,3.74838603993047,82.8727709652009,3.30967098368456,85175788.0
Viet Nam,2007,,860.0,5.25231213341748,85.63968738395,,83633375.0
Viet Nam,2006,35.8,740.0,5.57239749946528,65.3595423737595,,82167897.0
Viet Nam,2005,,650.0,6.55339711441117,60.4667877825079,,81088313.0
Virgin Islands (U.S.),2022,,,-0.883383819313323,,,105413.0
Virgin Islands (U.S.),2021,,,4.07886990081306,,,105870.0
Virgin Islands (U.S.),2020,,,-1.26412494613658,,,106290.0
Virgin Islands (U.S.),2019,,,3.22863068505148,,,106669.0
Virgin Islands (U.S.),2018,,,2.14490182532539,,,107001.0
Virgin Islands (U.S.),2017,,,-0.517853882355141,,,107281.0
Virgin Islands (U.S.),2016,,,1.78607056891147,,,107516.0
Virgin Islands (U.S.),2015,,,-0.26792231561096,,,107712.0
Virgin Islands (U.S.),2014,,,-1.62976237975002,,,107882.0
Virgin Islands (U.S.),2013,,,-6.15764738406951,,,108041.0
Virgin Islands (U.S.),2012,,,-14.7321849465745,,,108188.0
Virgin Islands (U.S.),2011,,,-8.14745069217943,,,108290.0
Virgin Islands (U.S.),2010,,,0.640017045957947,,,108357.0
Virgin Islands (U.S.),2009,,,-6.60082033820244,,,108404.0
Virgin Islands (U.S.),2008,,,1.16259833481369,,,108397.0
Virgin Islands (U.S.),2007,,,4.04131611143129,,,108337.0
Virgin Islands (U.S.),2006,,,3.58522291185554,,,108369.0
Virgin Islands (U.S.),2005,,,3.49771355206596,,,108453.0
West Bank and Gaza,2022,,4720.0,1.58856471383393,47.7106174807336,12.6609986840333,5043612.0
West Bank and Gaza,2021,,4270.0,4.41469534491321,47.3295160416368,13.0836361427438,4922749.0
West Bank and Gaza,2020,,3700.0,-13.4963869730477,52.2438211575681,13.4842607374446,4803269.0
West Bank and Gaza,2019,,4200.0,-1.15161366535136,44.9267353587416,13.0387520213609,4685306.0
West Bank and Gaza,2018,,4190.0,-1.30481419195327,44.8402878170502,13.3070643376509,4569087.0
West Bank and Gaza,2017,,3930.0,-0.577622802403482,41.7423779001116,13.1993746796245,4454805.0
West Bank and Gaza,2016,33.7,3900.0,6.44666146094556,36.5279321411323,12.4392053037086,4367088.0
West Bank and Gaza,2015,,3670.0,1.37258508832343,32.6010470713693,11.4394044882701,4270092.0
West Bank and Gaza,2014,,3560.0,-2.47102630481804,27.3246796047092,11.1530284730733,4173398.0
West Bank and Gaza,2013,,3470.0,2.21485047926886,24.1199685686064,10.6055165387602,4076708.0
West Bank and Gaza,2012,,3210.0,3.51036746369036,24.0475728779365,10.7153969064778,3979998.0
West Bank and Gaza,2011,34.4,2880.0,6.86783487502541,22.9577173636924,10.8347942543619,3882986.0
West Bank and Gaza,2010,35.3,2510.0,3.06565425625401,21.3595304440428,10.5543657675112,3786161.0
West Bank and Gaza,2009,34.5,2250.0,5.73457681316152,19.53363220723,10.8816565207495,3689099.0
West Bank and Gaza,2008,,2040.0,4.51371143942183,17.5729199943916,10.4041545613589,3591977.0
West Bank and Gaza,2007,35.6,1790.0,1.16982596233521,22.8674279641316,9.27912003182584,3494496.0
West Bank and Gaza,2006,34.0,1710.0,-3.49430234961132,26.2173548271413,9.04548816371269,3406334.0
West Bank and Gaza,2005,34.7,1780.0,8.4829084168252,26.4462262043374,8.66536778138988,3320396.0
"Yemen, Rep.",2022,,,,,,38222876.0
"Yemen, Rep.",2021,,,,,,37140230.0
"Yemen, Rep.",2020,,,,,,36134863.0
"Yemen, Rep.",2019,,,,,,35111408.0
"Yemen, Rep.",2018,,740.0,-2.186490192267,,,34085182.0
"Yemen, Rep.",2017,,880.0,-7.88861205244282,,,33090921.0
"Yemen, Rep.",2016,,970.0,-12.0553743505045,,,32109010.0
"Yemen, Rep.",2015,,1030.0,-30.1507550992904,,1.62261190502083,31159379.0
"Yemen, Rep.",2014,36.7,1250.0,-3.20471705643189,,1.67565904162948,30226309.0
"Yemen, Rep.",2013,,1230.0,1.67911232409898,5.63671954137487,1.70392838993159,29312952.0
"Yemen, Rep.",2012,,1080.0,-0.670663085005188,4.6454040882474,1.73347699904111,28433647.0
"Yemen, Rep.",2011,,930.0,-15.3366875285688,5.0687258112031,1.79453673271385,27582897.0
"Yemen, Rep.",2010,,1040.0,4.3735077841587,6.28934064963713,1.88338714672648,26754387.0
"Yemen, Rep.",2009,,960.0,0.598210143519466,7.73547602505911,1.98051377971818,25927724.0
"Yemen, Rep.",2008,,880.0,0.370978630255152,7.70492200932659,1.98881876310308,25111941.0
"Yemen, Rep.",2007,,780.0,0.045109908702031,8.18408496562538,2.00559510043315,24318082.0
"Yemen, Rep.",2006,,710.0,-0.129375630986743,6.91321960823707,1.95762616302703,23543083.0
"Yemen, Rep.",2005,34.7,620.0,2.37203185301995,6.93931215854382,1.89002471691348,22790085.0
Zambia,2022,51.5,1170.0,2.34336450166037,12.9750888260207,2.70133490529461,20152938.0
Zambia,2021,,1040.0,3.28575461102756,11.3595044648168,2.77863485036237,19603607.0
Zambia,2020,,1120.0,-5.56773502453288,15.1635545633961,3.04877533977898,19059395.0
Zambia,2019,,1380.0,-1.51894951073589,15.6261899079478,3.17284079424575,18513839.0
Zambia,2018,,1390.0,0.9537337347912,14.973719234617,3.77793003980665,17973569.0
Zambia,2017,,1260.0,0.398377780872721,14.9060105438137,4.46605764736889,17441320.0
Zambia,2016,,1320.0,0.593979723633794,15.4421205069545,4.6352559526316,16914423.0
Zambia,2015,55.8,1530.0,-0.241301067013211,19.7648340604039,4.63004108427431,16399089.0
Zambia,2014,,1740.0,1.42432240940171,17.0881246939801,4.665004065469,15895315.0
Zambia,2013,,1710.0,1.74618059430358,15.8169736426664,4.42775521325602,15398997.0
Zambia,2012,,1640.0,4.16438800509357,15.8590190469567,4.20126454277815,14913629.0
Zambia,2011,,1380.0,2.11650829571791,13.6929591153621,3.98982111604323,14437796.0
Zambia,2010,52.0,1310.0,6.54512358380669,,3.85473721414884,13965594.0
Zambia,2009,,1260.0,5.42272309461708,,3.75264960339714,13490389.0
Zambia,2008,,1170.0,3.99773185138027,,3.60983230274578,13021324.0
Zambia,2007,,900.0,4.59671527144219,,3.28177436839581,12565085.0
Zambia,2006,54.6,720.0,4.24983217682681,,3.03039774525715,12129553.0
Zambia,2005,,570.0,3.75264386154687,,3.01484042845001,11718819.0
Zimbabwe,2022,,2580.0,4.34366718315964,5.82632307387219,5.54245401079117,16069056.0
Zimbabwe,2021,,2320.0,6.61191108683749,4.75952182207041,5.8181085773307,15797210.0
Zimbabwe,2020,,1980.0,-9.33397144870511,3.64213203545347,3.90428218416391,15526888.0
Zimbabwe,2019,50.3,2430.0,-7.78558358121073,3.42802176448637,3.53836173851507,15271368.0
Zimbabwe,2018,,2140.0,3.45954562738599,5.83026742967083,5.20515145620961,15034452.0
Zimbabwe,2017,44.3,1680.0,3.23409642689352,5.81005418078355,5.40244525688158,14812482.0
Zimbabwe,2016,,1240.0,-0.633234613329265,17.0984957033978,5.63331455561815,14600294.0
Zimbabwe,2015,,1330.0,0.425141539219794,18.3157437835024,5.89883826275874,14399013.0
Zimbabwe,2014,,1270.0,0.982274048982148,19.2103454143462,14.6687212189847,14207359.0
Zimbabwe,2013,,1220.0,0.563614570952865,18.7319297666254,13.7695183247928,14013808.0
Zimbabwe,2012,,1150.0,14.7871576858869,20.1407242084605,13.158208729185,13817887.0
Zimbabwe,2011,43.2,960.0,12.187491621401,18.9833979710852,6.33245239473823,13595424.0
Zimbabwe,2010,,640.0,17.7601242170416,13.5436890225327,4.87882760128193,13356548.0
Zimbabwe,2009,,450.0,11.6893318173098,7.15909146090231,4.60036695179271,13142790.0
Zimbabwe,2008,,120.0,-18.6543102007687,,3.44730906251681,12959149.0
Zimbabwe,2007,,240.0,-4.91448916093475,,4.11867709767017,12804058.0
Zimbabwe,2006,,280.0,-4.63037569259529,,3.68458749706956,12636445.0
Zimbabwe,2005,,320.0,-6.59888906294871,14.9485488159473,3.91774157049106,12483432.0
